species,n,resolution,q,reporting,assemblage,r,analyst,n_cells,n_fail,fail_freq,n_eff_mean,median_bias,median_relbias,median_rmse_rel,median_p5,median_p95,median_true,mean_age_bias,mean_age_relbias,mean_age_rmse_rel,mean_age_p5,mean_age_p95,mean_age_true,q90_bias,q90_relbias,q90_rmse_rel,q90_p5,q90_p95,q90_true,q95_bias,q95_relbias,q95_rmse_rel,q95_p5,q95_p95,q95_true,E_M50_bias,E_M50_relbias,E_M50_rmse_rel,E_M50_p5,E_M50_p95,E_M50_true,class_median,class_mean_age,class_q90,class_q95,class_E_M50
Alces_alces,30,exact,constant,all,attritional,0.0,informed,30,0,0.0,30.0,1.8571594175000004,3.7143188350000007,3.859264130782256,1.1988401387499998,2.950109623749998,0.0,-0.1525125738020719,-0.0411653191095562,0.2044354283281111,2.5941238790456294,4.827974037309409,3.704880154,-1.7822033907871684,-0.1545697723447802,0.2377827027099334,6.869435436249999,13.160567893749995,11.530090028287168,-0.1496741580711779,-0.0112460365168628,0.1707085043907418,9.661033285,16.617222073749996,13.309058515571175,2.280786609577275,0.1491101431847502,0.1818332319232804,14.851062908041168,19.662737918926744,15.2959856443256,D,A,A,A,B
Alces_alces,30,exact,constant,all,attritional,0.0,naive,30,0,0.0,30.0,1.6266429724999998,3.253285945,3.4418621528144984,0.96832369375,2.70484449625,0.0,-0.5137426437166467,-0.1386664675676434,0.2727978958672043,2.0720617172343974,4.740623120382786,3.704880154,-2.780925903287169,-0.2411885680393324,0.3253568833634115,5.440725099999999,12.985222446249994,11.530090028287168,-1.3552423905711777,-0.1018285695404815,0.2393884683755117,7.81553610625,16.558227343749994,13.309058515571175,1.2864333443863212,0.0841026772840593,0.1682695459879234,12.776292901095411,19.64886763372658,15.2959856443256,D,A,A,A,A
Arctocephalus_tropicalis,30,exact,constant,all,attritional,0.0,informed,30,0,0.0,30.0,2.3987515275000004,0.7995838425,0.9004709548187294,3.8796081325,7.929315524999999,3.0,-0.1131185460720385,-0.0158008117178593,0.139851656855144,5.767183373636192,9.019421675840595,7.159033858,1.3068043729729997,0.086491264091343,0.1264550691357171,14.4009123875,18.31290787875,15.109090920360334,2.270252288140584,0.1341832200014385,0.1469898292114823,17.713472985,20.47547347625,16.919047613526082,3.119289480562238,0.1704117753504848,0.1723016191437489,20.755633117188733,21.988749631907485,18.304424527863844,C,A,A,B,B
Arctocephalus_tropicalis,30,exact,constant,all,attritional,0.0,naive,30,0,0.0,30.0,2.512984364166667,0.8376614547222221,0.9324938357342972,3.574859457500001,7.678904113749998,3.0,-0.005200719756526,-0.0007264555329228,0.1461432439542699,5.266401206334491,8.860970395902768,7.159033858,1.5486866546396667,0.102500320026053,0.1545582897771112,13.4320416,18.727768575,15.109090920360334,2.411893338973918,0.1425549117224369,0.1655096346736932,16.93061388875,20.74054732375,16.919047613526082,3.159194963273414,0.1725918757218693,0.1773933905184567,20.379061543360496,22.101555785833177,18.304424527863844,D,A,B,B,B
Bison_bison,30,exact,constant,all,attritional,0.0,informed,30,0,0.0,30.0,0.1646198329407555,0.0291654851405527,0.2805977377638688,3.3874403612500004,8.135599093749999,5.644337207059244,-0.4435626250247129,-0.0543163540856967,0.170271760081304,5.671806122840501,9.557675754613896,8.16628127,1.7245786549336573,0.1035875081247016,0.1626500162350189,14.766070386249996,20.83203766,16.648519557566342,2.869680155891323,0.1553038501884188,0.1758850815716293,18.64960503625,22.9869566425,18.47784296660868,3.76923544068014,0.1893839043961282,0.1926084990320893,22.43623456826523,24.38347574301528,19.90261766277746,A,A,B,B,B
Bison_bison,30,exact,constant,all,attritional,0.0,naive,30,0,0.0,30.0,0.1561865329407555,0.0276713681715218,0.3142289378340012,3.11040645625,8.604912238749996,5.644337207059244,-0.4199592561648171,-0.051426009254371,0.1796070648481781,5.513819735526399,9.87788962557092,8.16628127,1.851710652433657,0.1112237425094113,0.1618407789828189,14.931152233749998,21.05183054125,16.648519557566342,2.993860498391322,0.1620243501257982,0.1775846350616545,18.88647535,23.10112244125,18.47784296660868,3.833974780705358,0.1926367096864743,0.1949011612522987,22.58562184698589,24.42890765576788,19.90261766277746,A,A,B,B,B
Capreolus_capreolus,30,exact,constant,all,attritional,0.0,informed,30,0,0.0,30.0,2.3712315778212543,4.7424631556425085,4.943967558651771,1.40516236375,3.5867005075,0.0677751671787458,-0.0367273202298679,-0.0089200345323126,0.176467543635113,2.8047468574529244,5.179752785117873,4.117396642,-0.5983318326132311,-0.0518984660816286,0.1491035197390761,7.8545573125,13.00675931125,11.528892427613233,1.3520300829749314,0.1091858836260447,0.1603043942035179,10.90549073125,15.37620643375,12.382828604525068,2.348708780032153,0.167445163856413,0.176960931760295,14.868653394875082,17.172238547318916,14.026734041994844,D,A,A,B,B
Capreolus_capreolus,30,exact,constant,all,attritional,0.0,naive,30,0,0.0,30.0,2.1820192728212544,4.364038545642509,4.613706677840364,1.3731925375,3.4537612299999982,0.0677751671787458,-0.3050053337141931,-0.0740772289467935,0.2009529730187731,2.723080530045983,5.036527419866081,4.117396642,-1.3510410751132311,-0.1171874127194827,0.1891725345159194,7.332000152499999,12.855190135,11.528892427613233,0.6459339204749318,0.0521636809411129,0.1375147039792644,10.20031456375,15.2871969175,12.382828604525068,1.9685745399739931,0.1403444689319872,0.1538219472687781,14.354510546690252,17.13502905856107,14.026734041994844,D,A,A,A,B
Cebus_capucinus,30,exact,constant,all,attritional,0.0,informed,30,0,0.0,30.0,-1.268764517062812,-0.1471896826417454,0.2598135011543262,4.993700167499999,10.220174584999995,8.619928342062812,-0.5659278578015512,-0.055293483146312,0.1572079570811931,7.793865686507612,11.864851736203,10.23498296,-0.1033764421054123,-0.0045134794436657,0.1032074860569235,19.83128300625,25.3003347675,22.903935510438743,1.4117943961443218,0.0566168122705814,0.0979611043083542,24.31527669,28.024187245,24.935956998022345,3.507424673663664,0.1371386676988912,0.1438961853821769,28.229580981387716,29.846248976474502,25.575752867635757,A,A,A,A,B
Cebus_capucinus,30,exact,constant,all,attritional,0.0,naive,30,0,0.0,30.0,-1.529842426229479,-0.1774773948832359,0.2493022412276895,4.79925016875,9.5036981425,8.619928342062812,-0.7063186277198507,-0.0690102397317377,0.1314212445951417,7.835543233393778,11.343656290522002,10.23498296,-0.0405003946054127,-0.0017682722948182,0.0781189044826122,20.43520356125,25.32012907875,22.903935510438743,1.5108953269776555,0.0605910303381371,0.083000701259704,24.87378676625,28.08201768375,24.935956998022345,3.576440394472525,0.1398371501703963,0.1427754167450494,28.50119198243677,29.873489690406767,25.575752867635757,A,A,A,A,B
Cercopitecus_mitis,30,exact,constant,all,attritional,0.0,informed,30,0,0.0,30.0,-4.624247188324813,-0.2945860931273243,0.326558319327455,7.414907286249999,14.132758854999995,15.697438868324811,-1.292905026584009,-0.0868448100572543,0.1384003474628638,11.181486261218184,15.843704934975316,14.887533587,4.50656537034673,0.173837515556377,0.1890315764440008,26.63739562375,32.834241025,25.924009302153262,7.496618146887012,0.2791412532400445,0.2838494479212586,31.96866698875,35.85324205375,26.856002328112982,6.182742426286004,0.199520226439299,0.2006541535567771,36.18084363357207,37.813206384521415,30.988048362941345,A,A,B,B,B
Cercopitecus_mitis,30,exact,constant,all,attritional,0.0,naive,30,0,0.0,30.0,-4.130936783324814,-0.2631599216901844,0.2982904995225651,7.989187067499998,15.121497576249991,15.697438868324811,-0.8967585427571062,-0.0602355344837084,0.1212771539142587,11.467446856756512,16.530373471998526,14.887533587,5.004437430346731,0.1930425719269843,0.1997980546115872,28.560621954999995,32.92172705125,25.924009302153262,7.865460536887012,0.2928753297229727,0.2944075905629547,33.2907323575,35.85421955125,26.856002328112982,6.359294905182656,0.2052176642652897,0.2055016811677256,36.75524538601088,37.80848741245267,30.988048362941345,A,A,B,B,B
Cervus_elaphus,5,exact,constant,all,attritional,0.0,informed,40,0,0.0,5.0,2.2770807866319536,2.420645611496272,3.409301930934358,0.7958392049999999,6.4979324687499975,0.940691514618046,-1.1008573692334385,-0.1854721865225953,0.4331809002883059,1.0402895883788803,8.201574848693195,5.935431020000001,-2.900847562086171,-0.1949329246657024,0.380665885788842,1.7497602549999998,18.34466591375,14.881260141461173,-1.677267547463135,-0.1002225310069084,0.3464851576591163,2.19079780375,20.9652319375,16.735433944963134,-0.0699212191971642,-0.0037633948663623,0.3153423192937957,3.075330168949421,22.864333056643336,18.57929387695326,D,B,A,A,A
Cervus_elaphus,5,exact,constant,all,attritional,0.0,naive,40,0,0.0,5.0,2.485524611006954,2.6422313504296517,3.809309078626889,1.0418663112500002,8.955486667499997,0.940691514618046,-0.8788292150392006,-0.148064936156768,0.442422163220646,1.9930534606304329,9.852913860389144,5.935431020000001,-2.488035208961171,-0.1671925082492963,0.3620278610475226,5.30432366125,19.56302836875,14.881260141461173,-1.1969864112131343,-0.0715240737198446,0.3077282053130916,6.864709075,21.69486079125,16.735433944963134,0.6670992750448699,0.0359055236147793,0.2583148381878933,9.482684287579328,23.16584357639259,18.57929387695326,D,B,A,A,A
Cervus_elaphus,10,exact,constant,all,attritional,0.0,informed,40,0,0.0,10.0,2.166745931006954,2.3033543912498557,3.096402287673394,1.36215436,5.249382638749988,0.940691514618046,-1.048863105894777,-0.1767122054591373,0.37410485657639,2.28749699901541,7.204000675383695,5.935431020000001,-2.3908318614611708,-0.1606605783874442,0.3213099258040454,5.66536466625,17.896383394999994,14.881260141461173,-0.9396390393381344,-0.0561466791018548,0.2641860903461499,7.754029142499999,20.753014691249994,16.735433944963134,1.1018038703166495,0.059302785004299,0.2035080825208056,12.439749438037564,22.785474062438723,18.57929387695326,D,A,A,A,A
Cervus_elaphus,10,exact,constant,all,attritional,0.0,naive,40,0,0.0,10.0,2.6723844622569537,2.8408722952518994,3.398012152119868,1.633840735,6.788335016249999,0.940691514618046,-0.3807066749982029,-0.0641413696352253,0.2907174874797006,3.4317202843668944,8.389308568412485,5.935431020000001,-0.6933957652111715,-0.0465952317626165,0.229798131856543,9.028540115,18.89045365375,14.881260141461173,0.8841312212868658,0.0528298951909139,0.1913490904817215,12.5006919875,21.3564603175,16.735433944963134,2.5449351203060777,0.1369769560221527,0.1726843803199533,18.063667575784603,23.036313986721478,18.57929387695326,D,A,A,A,B
Cervus_elaphus,20,exact,constant,all,attritional,0.0,informed,40,0,0.0,20.0,2.1496900641319536,2.2852231903088907,2.5107836852146628,1.7527789925,4.72653730375,0.940691514618046,-0.7323990460785932,-0.1233944162792397,0.2223775312629588,3.477828615884793,6.846288100766139,5.935431020000001,-0.9471206520861714,-0.0636451915417678,0.1889058175219335,9.79922379875,17.3234270175,14.881260141461173,0.8313033150368657,0.0496732452693324,0.1566914333260734,13.627888569999998,20.38503059,16.735433944963134,2.613364032334592,0.1406600299043844,0.1616044440893873,18.70815718884324,22.635801973458214,18.57929387695326,D,A,A,A,B
Cervus_elaphus,20,exact,constant,all,attritional,0.0,naive,40,0,0.0,20.0,2.7016662160069536,2.872000197752316,3.160399365479807,2.2300413912500003,6.093421643749998,0.940691514618046,-0.1484146628774254,-0.025004866938446,0.1974771408224895,4.081968686630917,7.98602849420367,5.935431020000001,0.3101835166638287,0.0208439012365368,0.1536186374609939,11.44624697875,18.9112829425,14.881260141461173,1.961971445661866,0.1172345725909521,0.1594140904312218,15.79654959,21.37245962625,16.735433944963134,3.251984287022219,0.1750327169891075,0.1812665035102887,20.353696372163327,23.04344035713552,18.57929387695326,D,A,A,B,B
Cervus_elaphus,20,exact,constant,all,catastrophic,-0.05,informed,40,0,0.0,20.0,9.579104925381955,10.183045957708472,11.665195297525184,1.24110298625,16.59259066875,0.940691514618046,4.966407875629682,0.8367392121810356,1.1489044109389404,2.561061759617709,16.432697781846503,5.935431020000001,0.4348573754138282,0.0292218112767384,0.2545754939918473,6.831804836249999,18.84396509625,14.881260141461173,0.2501963462868654,0.014950096131936,0.1716448676647974,10.6254522525,20.37778562,16.735433944963134,0.8517609513321169,0.0458446352683342,0.1096662652711931,15.913804213076512,22.46069800694217,18.57929387695326,D,D,A,A,A
Cervus_elaphus,20,exact,constant,all,catastrophic,-0.05,naive,40,0,0.0,20.0,5.311968532256953,5.646876207248239,5.772045705374653,4.758234047499999,8.333928616249999,0.940691514618046,1.4895563244996168,0.250960093627643,0.2904547008069853,6.237627877050951,9.072440089969032,5.935431020000001,0.4205183722888282,0.0282582501946329,0.1101372892894409,13.0935720325,18.2906305125,14.881260141461173,1.291509846911865,0.0771721755861951,0.124751859257317,15.3407202275,20.9060646825,16.735433944963134,2.540373242731913,0.1367314204488216,0.1510413777005946,18.84595302440641,22.81979068714745,18.57929387695326,D,B,A,A,B
Cervus_elaphus,20,exact,constant,all,catastrophic,0.0,informed,40,0,0.0,20.0,6.956878596006954,7.395494152864441,9.34382868469436,0.06047475,14.339103124999998,0.940691514618046,2.523271726667168,0.4251202175823058,0.8997630008745876,1.0429293338638503,14.132069544553955,5.935431020000001,-2.232348142711172,-0.1500106927431201,0.3494407438275888,2.89325802,17.865894146249996,14.881260141461173,-2.151058398088135,-0.1285331713036063,0.2736733201537739,5.821131521249999,20.06534628875,16.735433944963134,-0.905138519866302,-0.0487175952897264,0.16032485856377,12.994857256720245,22.28299837030026,18.57929387695326,D,C,A,A,A
Cervus_elaphus,20,exact,constant,all,catastrophic,0.0,naive,40,0,0.0,20.0,4.218128999131953,4.484072550441431,4.653829490622448,3.09219282125,6.8218430025,0.940691514618046,0.6392310350164894,0.1076974920376531,0.2065256232125679,5.009523737636015,8.091119965404145,5.935431020000001,-0.3124310927111715,-0.0209949352233079,0.1561845010409787,11.045056765,17.772313283749998,14.881260141461173,0.7577970569118653,0.0452809923784461,0.1493805801002433,13.1623992475,20.6561132175,16.735433944963134,2.221464064237853,0.119566657320248,0.1531416554116821,18.382298044370472,22.736803321652097,18.57929387695326,D,B,A,A,B
Cervus_elaphus,20,exact,constant,all,catastrophic,0.05,informed,40,0,0.0,20.0,5.477395347256954,5.822732811065029,8.537953072837261,0.0179105512499999,14.845647277499998,0.940691514618046,1.3196664223416652,0.222337083506644,0.8863694758404885,1.1533095041012669,14.70105440775235,5.935431020000001,-3.619608960836172,-0.2432326917497705,0.3945546456520118,3.254299025,17.426064092499995,14.881260141461173,-3.1128281655881342,-0.1860022378759412,0.2933383575570669,7.22484445875,18.200974008749995,16.735433944963134,-1.269897892346746,-0.068350169858823,0.1714480566367967,11.865002153261786,21.57390104842468,18.57929387695326,D,B,A,A,A
Cervus_elaphus,20,exact,constant,all,catastrophic,0.05,naive,40,0,0.0,20.0,2.820755410381954,2.998597698127723,3.136629818106378,2.7341705537500003,5.113841324999997,0.940691514618046,-0.7080751073268794,-0.1192963248904675,0.1854756874391712,4.137435304091943,6.723083700477578,5.935431020000001,-2.664178542086172,-0.1790290954368451,0.2232920605642827,8.854358961249998,15.333777131249995,14.881260141461173,-1.3919968537131346,-0.0831766214303683,0.1596437486210903,10.92883537125,18.63929469375,16.735433944963134,0.9142357890790505,0.0492072408743755,0.1121008166647147,15.655536864687686,21.82145505845576,18.57929387695326,D,A,A,A,A
Cervus_elaphus,20,exact,constant,grouped,attritional,0.0,informed,40,0,0.0,20.0,1.8085727266319536,1.9225991714896016,2.572386695014357,0.3538960349999999,5.285607488749998,0.940691514618046,-0.6516703440821585,-0.1097932638567095,0.2617424726438669,2.9231722942115166,7.411061918813222,5.935431020000001,0.2609780954138282,0.0175373653126799,0.1664658260344789,10.65262089,18.46601916125,14.881260141461173,2.199998897536866,0.1314575352376207,0.1668820271531773,15.9191103325,21.132469995,16.735433944963134,3.427693667874196,0.1844899860336505,0.1889280018773931,20.721112960060346,22.947721842399144,18.57929387695326,D,A,A,B,B
Cervus_elaphus,20,exact,constant,grouped,attritional,0.0,naive,40,0,0.0,20.0,1.504736797256954,1.5996070697713587,2.2520987827998304,0.56249079625,4.676124387499999,0.940691514618046,-0.9360599484167268,-0.1577071564411385,0.2769850446191598,2.869307668209521,6.899541470875718,5.935431020000001,-0.2748478108361717,-0.0184693909133682,0.1751220960103644,10.0947582,17.74031466625,14.881260141461173,1.7662063187868655,0.1055369298815488,0.1621132038519203,15.0593738925,20.697771795,16.735433944963134,3.1929725652998933,0.1718565079193147,0.1819495056298841,20.24587852980692,22.772698797990596,18.57929387695326,D,A,A,B,B
Cervus_elaphus,20,exact,constant,max_only,attritional,0.0,informed,40,0,0.0,20.0,17.637775618506954,18.749797722655675,18.841288920560988,15.62357593125,20.8601798725,0.940691514618046,12.630826305030798,2.1280385977816985,2.148222624762852,15.61399283684048,20.84883253290184,5.935431020000001,3.7489783397888288,0.2519261342219048,0.2779582458478392,15.665838256249998,20.92025274875,14.881260141461173,1.9058229281618655,0.1138795046742998,0.1545635292042554,15.67791320625,20.93232769875,16.735433944963134,0.075701265437594,0.0040744963688581,0.0942718804544458,15.687537761063115,20.943939752921334,18.57929387695326,D,D,B,B,A
Cervus_elaphus,20,exact,constant,max_only,attritional,0.0,naive,40,0,0.0,20.0,17.269187769756957,18.357971238604037,18.425737315924795,15.7077987075,20.4013317725,0.940691514618046,12.262495798129276,2.0659823619901614,2.0810735332119825,15.694787408254452,20.388664090470407,5.935431020000001,3.3793339329138283,0.2270865438000478,0.2481239976887324,15.75579663375,20.4556690475,14.881260141461173,1.5367822687868653,0.0918280502221091,0.1278398952387677,15.7621359825,20.4677439975,16.735433944963134,-0.2942452017886157,-0.0158372650617046,0.0817220494640999,15.774854911286797,20.48433193418149,18.57929387695326,D,D,B,A,A
Cervus_elaphus,20,exact,constant,mixed,attritional,0.0,informed,40,0,0.0,20.0,2.1607084560069536,2.296936267022965,2.555326150039724,1.49528068375,4.86660672375,0.940691514618046,-0.7440530560088635,-0.1253578810876086,0.2287560261022126,3.498783623432151,6.878469880867276,5.935431020000001,-1.0333056077111715,-0.0694367007826336,0.1896618776686306,10.22245079625,17.6748080625,14.881260141461173,0.7670042062868653,0.0458311513647789,0.1549232743107793,14.05624742125,20.61837899875,16.735433944963134,2.584210001665325,0.1390908620521319,0.1609787755822798,19.22382934349796,22.72803401850405,18.57929387695326,D,A,A,A,B
Cervus_elaphus,20,exact,constant,mixed,attritional,0.0,naive,40,0,0.0,20.0,2.2357240828819536,2.3766814605420743,2.55133117741504,1.63836884125,4.556280508749999,0.940691514618046,-0.6396365463139861,-0.1077658124841599,0.1964881994548224,3.4947565006129,6.752478642312578,5.935431020000001,-0.7483367877111716,-0.0502871921193156,0.1642385461642559,9.56557351625,16.971442224999997,14.881260141461173,1.0575576906618656,0.0631927259334771,0.1435440579957055,13.1780966825,20.19394450625,16.735433944963134,2.776309949349887,0.1494303264557201,0.1627394239166104,18.613948044562218,22.554416137058148,18.57929387695326,D,A,A,A,B
Cervus_elaphus,20,exact,juv_moderate,all,attritional,0.0,informed,40,0,0.0,20.0,4.245146699756954,4.512793656356765,6.360513151690772,0.006137475,11.03992491125,0.940691514618046,0.555066635711902,0.0935174941535925,0.6594832874737409,1.0039294347992842,11.467502528502994,5.935431020000001,-1.1961664958361713,-0.0803807261257057,0.4693476397496977,2.242418215,20.54049557125,14.881260141461173,0.2292161206618659,0.0136964551630794,0.3385947760211452,6.95768619,22.24125227875,16.735433944963134,2.325453345327145,0.1251637097043693,0.191346036682565,16.05915197472148,23.388479664147244,18.57929387695326,D,B,B,A,B
Cervus_elaphus,20,exact,juv_moderate,all,attritional,0.0,naive,40,0,0.0,20.0,8.149883656006955,8.663715500097918,8.807045484812098,7.00266537875,11.438096387499998,0.940691514618046,4.019343390085991,0.6771780139542403,0.7031886806390293,8.495566518361978,11.719724369469754,5.935431020000001,4.280879887288829,0.2876691789939031,0.2986665313652196,17.25188293875,20.903045945,14.881260141461173,4.518087423786866,0.2699713337966163,0.2768751216258782,19.803018,22.475204435,16.735433944963134,4.318040741350631,0.2324114559976338,0.2353513755975717,22.14209201558547,23.48742796348923,18.57929387695326,D,C,B,B,B
Cervus_elaphus,20,exact,juv_severe,all,attritional,0.0,informed,40,0,0.0,20.0,3.131534436006954,3.328970642706889,6.143231732383731,0.006137475,12.260400482499994,0.940691514618046,-0.6236167699619796,-0.105066804392241,0.7648244474772395,0.9443491938340076,12.343705206122864,5.935431020000001,-3.967518457711171,-0.2666117264261201,0.5705994299772609,1.9568456475,19.79003742875,14.881260141461173,-2.0677412430881343,-0.1235546834272835,0.3903360312731113,6.65852930375,21.8104784375,16.735433944963134,1.2356312898077768,0.066505826216599,0.171068430038587,15.905485318484144,23.19250246486259,18.57929387695326,D,B,B,A,A
Cervus_elaphus,20,exact,juv_severe,all,attritional,0.0,naive,40,0,0.0,20.0,9.236478219131952,9.81881740783246,9.954904951855497,7.96926512625,12.759095917499998,0.940691514618046,4.808381653797643,0.8101149920865632,0.8364752970261998,9.032625449631077,12.809583237592712,5.935431020000001,4.180959676038829,0.2809546796638625,0.2954220247014987,16.60074126,20.72795917,14.881260141461173,4.264362536911866,0.2548103951732493,0.2649975387843388,19.05708796375,22.3417762375,16.735433944963134,4.145385430765908,0.2231185672727887,0.2266282985365857,21.432089095472616,23.427651000613142,18.57929387695326,D,D,B,B,B
Cervus_elaphus,20,exact,monotone_logistic,all,attritional,0.0,informed,40,0,0.0,20.0,6.303925674756954,6.701374017726279,7.776214576580562,1.83277553625,12.639553912499998,0.940691514618046,2.654625352880862,0.447250645140319,0.6516734906251829,4.261773261939254,12.712442438009097,5.935431020000001,2.5980846679138283,0.1745876789476463,0.2354049626847075,12.82279127875,19.978104775,14.881260141461173,3.3771555856618662,0.2017967144902321,0.2234027266151954,17.12811470125,21.95024598375,16.735433944963134,3.806734434871284,0.2048912332235273,0.2092338070113477,21.13715267015058,23.27368125525133,18.57929387695326,D,C,B,B,B
Cervus_elaphus,20,exact,monotone_logistic,all,attritional,0.0,naive,40,0,0.0,20.0,9.552992846006957,10.155287570427172,10.257473221323918,8.03960171,12.498880744999996,0.940691514618046,5.06826125707225,0.8538994455489857,0.8719864138170784,9.266066922640343,12.526167450029355,5.935431020000001,4.460192894788829,0.2997187638943383,0.3105022895827863,17.070758688749997,20.8372374675,14.881260141461173,4.466316075661866,0.2668778168734665,0.2749825566624553,19.192327403750003,22.39762288125,16.735433944963134,4.2438728182219485,0.2284194892619829,0.2311793419953446,21.53146580306604,23.45119877468392,18.57929387695326,D,D,B,B,B
Cervus_elaphus,20,exact,nonmonotone,all,attritional,0.0,informed,40,0,0.0,20.0,4.058437785381954,4.314313164640188,5.665765159258426,1.3832855224999998,12.31805836875,0.940691514618046,1.018815224889844,0.1716497456472578,0.4811614863196339,3.6485707881098666,12.352173192303534,5.935431020000001,1.8677011297888284,0.1255069202496611,0.2426439445740843,10.87268685375,21.2502007575,14.881260141461173,3.0905264600368665,0.1846696339157086,0.2273416912095092,15.31143847375,22.673233615,16.735433944963134,3.756997400157049,0.2022142189600341,0.2099064765728349,20.24478135802028,23.5678108768828,18.57929387695326,D,B,B,B,B
Cervus_elaphus,20,exact,nonmonotone,all,attritional,0.0,naive,40,0,0.0,20.0,5.724629948506953,6.085554998156176,6.333772470587571,4.1882964075,9.11336663875,0.940691514618046,2.083233168931115,0.3509826265205445,0.4087686042623057,5.830796973254351,9.79633678954754,5.935431020000001,2.1596130460388285,0.1451229953316829,0.1803959974136577,13.90048056625,19.08365285375,14.881260141461173,3.012190221911866,0.1799887730319921,0.1979744961888257,17.20539438125,21.44430557875,16.735433944963134,3.6320576428829456,0.1954895415798521,0.1997940908535873,20.83416180286598,23.06738798497696,18.57929387695326,D,C,B,B,B
Cervus_elaphus,20,interval2,constant,all,attritional,0.0,informed,40,0,0.0,20.0,1.205127100381954,1.281107655011939,2.175555855826744,0.3037849924999999,4.853022404999998,0.940691514618046,-1.285633747442591,-0.2166032665716315,0.3351258996626102,2.588489984521716,7.069429787506715,5.935431020000001,-1.1483195064611715,-0.0771654749359431,0.2132124805363179,8.609237476249998,17.365387468749997,14.881260141461173,1.119894620036866,0.0669175728409433,0.149213288266917,14.15918637,20.47951707375,16.735433944963134,2.9299327649874374,0.1576988223767686,0.1669455279372005,19.80223912541572,22.683017053534083,18.57929387695326,B,A,A,A,B
Cervus_elaphus,20,interval2,constant,all,attritional,0.0,naive,40,0,0.0,20.0,3.072669054756954,3.2663939314947115,3.5198364514634566,2.3897326050000003,6.215680512499999,0.940691514618046,-0.1377882104844542,-0.0232145247784303,0.2119258120862149,3.783535835408332,7.952533746027186,5.935431020000001,-0.6429828489611713,-0.0432075538528982,0.18241576084077,9.3261876325,18.11282687375,14.881260141461173,0.8430763912868653,0.0503767272518563,0.1574116738220271,12.43005353,20.79527701625,16.735433944963134,2.531847810858983,0.1362725530704706,0.1582273397299561,17.778214526056345,22.791420263060647,18.57929387695326,D,A,A,A,B
Cervus_elaphus,20,noisy,constant,all,attritional,0.0,informed,40,0,0.0,20.0,2.557219626631954,2.718446575623971,2.978210457966045,1.89858401375,5.649969104999999,0.940691514618046,-0.2979636593674508,-0.0502008461328981,0.1962949661978775,4.178254265785715,7.625610696073831,5.935431020000001,-0.0111610902111717,-0.0007500097508594,0.1593651454082963,11.56307212,18.488055945,14.881260141461173,1.6776063731618656,0.1002427770130678,0.1562157804162142,15.55957869625,21.11948942375,16.735433944963134,3.098280188794542,0.166759846166049,0.1758142533494759,20.24733491282224,22.936849805762684,18.57929387695326,D,A,A,B,B
Cervus_elaphus,20,noisy,constant,all,attritional,0.0,naive,40,0,0.0,20.0,2.496995813506953,2.6544257864607426,2.981842947889482,1.84424673875,5.338133521249999,0.940691514618046,-0.4005002589763807,-0.067476187934264,0.2257776461230712,3.781724128713927,7.447644453940822,5.935431020000001,-0.3252607270861716,-0.0218570688230865,0.1816637904996454,10.0289497225,18.430096185,14.881260141461173,1.3801097925368655,0.0824663284546761,0.1594306299085277,13.65234034375,21.09775451375,16.735433944963134,2.9390522180753367,0.1581896619720889,0.1702924353710266,19.06263488239752,22.931894474360927,18.57929387695326,D,A,A,A,B
Cervus_elaphus,20,rounded,constant,all,attritional,0.0,informed,40,0,0.0,20.0,1.1427901710069537,1.2148405223692986,1.7917811759941484,0.39947897125,4.060301937499998,0.940691514618046,-1.2769031866280192,-0.2151323437717281,0.2965118967163953,2.627520278870421,6.533838854606294,5.935431020000001,-0.9130089183361716,-0.06135293044118,0.1863290297190187,9.08619800125,17.533833021249997,14.881260141461173,1.274453980036866,0.0761530286115131,0.1527154502694256,14.4568338875,20.579437285,16.735433944963134,2.96014410655695,0.1593248982529346,0.1719966757509546,19.990412292942302,22.719808394251363,18.57929387695326,B,A,A,A,B
Cervus_elaphus,20,rounded,constant,all,attritional,0.0,naive,40,0,0.0,20.0,3.0974227022569534,3.29270824082496,3.715041538103211,2.28135992875,6.968855518749997,0.940691514618046,0.0950770904845242,0.0160185654865085,0.2424037877565944,4.309172741462623,8.504508241192998,5.935431020000001,0.3827841535388281,0.0257225631364605,0.1712670447381822,11.66540732125,18.9921851075,14.881260141461173,1.9239353531618653,0.1149617846474135,0.167631268505903,15.5882567025,21.4240800375,16.735433944963134,3.2042018167169983,0.1724609039470364,0.181073600318182,20.23680403759364,23.063910800625028,18.57929387695326,D,A,A,B,B
Cervus_elaphus,30,exact,constant,all,attritional,0.0,informed,70,0,0.0,30.0,2.159910646810525,2.296088157750127,2.6557799040568475,1.50946875,5.264476326249999,0.940691514618046,-0.7379852735590933,-0.1243355825503458,0.2525895460706753,3.420874348872042,7.316111593071604,5.935431020000001,-1.002988858246886,-0.0673994573518962,0.201864718561676,9.847221725,18.183767205,14.881260141461173,0.8076709128940086,0.048261127590127,0.1535185640490501,13.970817149999998,20.95013825,16.735433944963134,2.649165366078299,0.1425869779348539,0.1579620283650954,19.35813322699547,22.870440161779783,18.57929387695326,D,A,A,A,B
Cervus_elaphus,30,exact,constant,all,attritional,0.0,naive,70,0,0.0,30.0,2.5334578500248104,2.6931866724167106,2.931434702988565,1.84032238,5.510503432499998,0.940691514618046,-0.2947746271952638,-0.0496635587545357,0.1925345025494892,3.711355449671655,7.477295763969797,5.935431020000001,0.0772879185388284,0.0051936407134967,0.1600546279363139,10.4660629125,18.37364579375,14.881260141461173,1.7597807203940086,0.1051529781768013,0.1623955736563188,14.52596297625,21.06515214875,16.735433944963134,3.130189426580005,0.1684773085193974,0.1789587241806345,19.664198993203787,22.91804195763937,18.57929387695326,D,A,A,B,B
Cervus_elaphus,50,exact,constant,all,attritional,0.0,informed,40,0,0.0,50.0,2.629518389756954,2.7953036132409794,2.914427308006683,2.165138535,4.768497754999999,0.940691514618046,-0.1097144085137073,-0.0184846573305315,0.1317912733103388,4.434832759971794,6.992381909335234,5.935431020000001,0.6796769866638284,0.045673348910161,0.1184098484572357,12.32862395,17.732767822499998,14.881260141461173,2.343992676286866,0.1400616610238743,0.1595661301597344,16.483614245000002,20.63649142375,16.735433944963134,3.458750637878849,0.1861615764724657,0.18897517457901,20.809294061712567,22.73599742141653,18.57929387695326,D,A,A,B,B
Cervus_elaphus,50,exact,constant,all,attritional,0.0,naive,40,0,0.0,50.0,2.4275648510069536,2.5806173578515064,2.729728941720172,1.90039525625,4.559601119999999,0.940691514618046,-0.336004003833812,-0.056609874278989,0.1640357413199843,4.330729236286113,6.85406769090553,5.935431020000001,0.1612088210388282,0.0108330087308721,0.1417335968788757,11.9247168725,17.7834826125,14.881260141461173,1.883182396911866,0.1125266547079077,0.156137224648453,15.92061970125,20.7207142,16.735433944963134,3.2137110240834224,0.1729727214267211,0.1803975370914085,20.44891909318344,22.774767164200917,18.57929387695326,D,A,A,B,B
Cervus_elaphus,50,exact,constant,all,catastrophic,-0.05,informed,40,0,0.0,50.0,9.118294646006952,9.693182626091088,10.76902140756236,1.1755963825,15.92303469125,0.940691514618046,4.504593277595757,0.7589327990531943,0.9946182451104892,2.77454332467389,15.698056744223614,5.935431020000001,0.8096336360388283,0.0544062551385068,0.2324551377891523,7.786933381249999,18.92909349375,14.881260141461173,0.7920597275368654,0.0473283053275861,0.163037435820603,11.43115329125,20.048139485,16.735433944963134,1.5845071194548308,0.0852834951612632,0.1173036994400748,17.4603431679989,22.037178371168984,18.57929387695326,D,C,A,A,A
Cervus_elaphus,50,exact,constant,all,catastrophic,-0.05,naive,40,0,0.0,50.0,5.420039334756953,5.761760630909572,5.861443017285182,4.796873887499999,8.041111078749998,0.940691514618046,1.724284471181587,0.2905070356931866,0.3200161281506537,6.30746722439266,8.813564340201612,5.935431020000001,1.3474217216638285,0.0905448670915799,0.1226318338328608,14.339103125,18.48715032375,14.881260141461173,2.332521473786866,0.1393762170409023,0.1553581878448185,17.0457031675,20.922365865,16.735433944963134,3.2916107766268667,0.1771655477558248,0.1812105692299598,20.694907567722996,22.8248451268016,18.57929387695326,D,B,A,B,B
Cervus_elaphus,50,exact,constant,all,catastrophic,0.0,informed,40,0,0.0,50.0,8.638919131006954,9.183583562476016,10.63122497041974,0.3985733499999999,15.969221374999998,0.940691514618046,4.154172364135768,0.6998939672852549,1.0156856278855249,1.9052717299259292,15.74567581722058,5.935431020000001,0.3877650704138284,0.0260572738281392,0.2598780962229669,5.760756771249999,18.81800395375,14.881260141461173,0.4981856319118654,0.0297683127638171,0.1830915464419528,9.9480475575,20.01553712,16.735433944963134,1.4184614727385438,0.0763463607461465,0.1216840362038956,16.941458377798867,22.14528624517138,18.57929387695326,D,C,A,A,A
Cervus_elaphus,50,exact,constant,all,catastrophic,0.0,naive,40,0,0.0,50.0,4.272466274131953,4.541835668483441,4.636440720711029,3.7572206925,6.49853621625,0.940691514618046,0.6766832541215413,0.114007432963401,0.1677155461253187,5.422398034559913,7.675608729711402,5.935431020000001,-0.3056389333361717,-0.0205385115528369,0.1042047190768418,12.1553484175,17.25278856,14.881260141461173,0.8539438462868654,0.0510260952357245,0.1079440732935598,14.979075475,20.21567941625,16.735433944963134,2.419112696360206,0.1302047705570232,0.1430530761109206,18.578219966118493,22.541348205277878,18.57929387695326,D,B,A,A,B
Cervus_elaphus,50,exact,constant,all,catastrophic,0.05,informed,40,0,0.0,50.0,6.857713069131954,7.290076462437772,9.052888712755143,0.0716440787499999,14.31374573,0.940691514618046,2.579515670070969,0.434596183727693,0.8457101841963711,1.4558991401459045,14.111439283393723,5.935431020000001,-1.1481685695861716,-0.0771553321877104,0.3052695868228151,4.468133373749999,18.74495050625,14.881260141461173,-0.6991965974631348,-0.0417794124587711,0.2215406709221153,8.73270384,20.38955869625,16.735433944963134,0.6650197592439671,0.035793597089763,0.1398962798156613,14.716654529150036,22.317747629009546,18.57929387695326,D,C,A,A,A
Cervus_elaphus,50,exact,constant,all,catastrophic,0.05,naive,40,0,0.0,50.0,2.859546187256954,3.039834146285492,3.147132128270753,2.66956957125,4.949320131249997,0.940691514618046,-0.6285308848480462,-0.1058947332940356,0.1670031353634228,4.289306552146628,6.489727310754972,5.935431020000001,-2.412113960836172,-0.1620907058882534,0.197671139321559,10.3247859975,15.19431145875,14.881260141461173,-1.0326161543381347,-0.0617023829638383,0.1251428980746855,13.134023114999998,18.56744874125,16.735433944963134,1.3292471666685135,0.0715445471432788,0.1014218193549241,17.7429354699818,21.75688315935668,18.57929387695326,D,A,A,A,A
Cervus_elaphus,50,exact,constant,grouped,attritional,0.0,informed,40,0,0.0,50.0,1.249351604756954,1.3281204149739083,1.5929641197408713,1.30811895875,3.410669627499999,0.940691514618046,-0.8304618891022706,-0.1399160206401102,0.1806229395117645,4.407067759136069,6.147099078776616,5.935431020000001,0.7557491716638282,0.0507852940194366,0.0876428733442741,14.469512585,17.334294472499998,14.881260141461173,2.6952227844118664,0.1610488735025032,0.1659773453245364,18.683670135,20.49853512,16.735433944963134,3.667221284548109,0.1973821668807943,0.1979597330684001,21.932805464801135,22.69134731799309,18.57929387695326,B,A,A,B,B
Cervus_elaphus,50,exact,constant,grouped,attritional,0.0,naive,40,0,0.0,50.0,1.428513675381954,1.5185782514068715,1.8714444757001056,0.976963455,3.884007667499999,0.940691514618046,-0.7419066950304972,-0.1249962627028385,0.1892605272731961,3.9038654517466616,6.431093620184073,5.935431020000001,0.7340142616638283,0.0493247382739293,0.103172399408435,13.41929380875,17.4791938725,14.881260141461173,2.644357057536866,0.158009470578009,0.1666804160386135,17.834499276249996,20.57007919875,16.735433944963134,3.640345522345484,0.1959356230895923,0.1969873936305515,21.56424954290333,22.719319625567525,18.57929387695326,B,A,A,B,B
Cervus_elaphus,50,exact,constant,max_only,attritional,0.0,informed,40,0,0.0,50.0,18.43577887663196,19.59811329234487,19.63045934088846,17.57881221,20.741241615,0.940691514618046,13.428510824508797,2.2624322950195443,2.2694594528947807,17.56827798351433,20.726011982952905,5.935431020000001,4.553019072913829,0.3059565540574425,0.3141629692744878,17.63888508625,20.801616365,14.881260141461173,2.711523966911866,0.1620229254783055,0.1740046491528477,17.65096003625,20.813691315,16.735433944963134,0.8822112812117237,0.0474835742980558,0.0743381827598743,17.662030620506968,20.82991743766484,18.57929387695326,D,D,B,B,A
Cervus_elaphus,50,exact,constant,max_only,attritional,0.0,naive,40,0,0.0,50.0,18.62777058163196,19.80220964275997,19.83632272565645,17.6482431725,20.80010699625,0.940691514618046,13.620418767253229,2.2947648993574226,2.302144054108953,17.63897597115919,20.785230733153405,5.935431020000001,4.745161714788829,0.3188682725576564,0.3272701927135604,17.702580447499997,20.86048174625,14.881260141461173,2.903364735036866,0.1734860741935342,0.1854409318239376,17.714655397499996,20.87255669625,16.735433944963134,1.074476141267294,0.0578319148393541,0.0826497382334563,17.729220964745952,20.88802128600809,18.57929387695326,D,D,B,B,A
Cervus_elaphus,50,exact,constant,mixed,attritional,0.0,informed,40,0,0.0,50.0,2.149841001006954,2.285383643414563,2.3825722202224062,2.15578044875,4.2462561675,0.940691514618046,-0.5980882052890856,-0.1007657579161092,0.1541384097145152,4.1890877381552665,6.491631551612191,5.935431020000001,-0.3335622552111715,-0.0224149199758844,0.112248587557214,11.70948088875,16.894162544999997,14.881260141461173,1.5431216175368658,0.0922068482126989,0.1245959379762171,15.79564396875,20.10338238125,16.735433944963134,3.07622544986092,0.1655727860398846,0.1700021812528767,20.42030560257461,22.5106026951896,18.57929387695326,D,A,A,A,B
Cervus_elaphus,50,exact,constant,mixed,attritional,0.0,naive,40,0,0.0,50.0,2.148482569131954,2.283939565463513,2.36474218177231,2.3770539075,4.045208249999999,0.940691514618046,-0.6387596778564649,-0.1076180778959612,0.1527566773627769,4.437759495538571,6.281007397591865,5.935431020000001,-0.5175543058361713,-0.0347789300715331,0.1107412441833761,11.71672585875,16.4419556675,14.881260141461173,1.3725629487868656,0.0820153784658787,0.1164861933364529,15.541164397499998,19.811470465,16.735433944963134,2.9889434965750605,0.1608749781541862,0.1654097351646387,20.177617340204087,22.373607549562717,18.57929387695326,D,A,A,A,B
Cervus_elaphus,50,exact,juv_moderate,all,attritional,0.0,informed,40,0,0.0,50.0,2.460770963506953,2.6159170410994017,3.95660505042064,0.006137475,7.927304674999998,0.940691514618046,-0.4699554076338781,-0.0791779747840246,0.474144913842121,0.9143795216941832,9.24530617207497,5.935431020000001,-0.6352850683361712,-0.042690273693031,0.4203163498408697,1.82009683875,20.103684255,14.881260141461173,1.027219378786866,0.0613799069785117,0.3237434929050781,6.374466104999999,22.0664673775,16.735433944963134,2.790165620141961,0.1501760851957367,0.204156318102507,15.704433582375191,23.326900270123527,18.57929387695326,D,B,B,A,B
Cervus_elaphus,50,exact,juv_moderate,all,attritional,0.0,naive,40,0,0.0,50.0,8.176901356631953,8.692436606013251,8.764847445220106,7.81832825125,10.865140009999998,0.940691514618046,4.058408035776095,0.6837596161257542,0.6965954668868417,9.011109627743991,11.288265391561277,5.935431020000001,4.593319218538829,0.3086646678355706,0.3148894704922282,18.05909334625,20.89489535375,14.881260141461173,4.800037506286865,0.2868188253780855,0.2901490899644399,20.36601254375,22.446224555,16.735433944963134,4.494660827446568,0.2419177422572546,0.2427350993868176,22.51462637245156,23.47310619331944,18.57929387695326,D,C,B,B,B
Cervus_elaphus,50,exact,juv_severe,all,attritional,0.0,informed,40,0,0.0,50.0,3.9660644178819537,4.21611586396877,5.595257856635929,0.006137475,10.126756817499995,0.940691514618046,0.714476021560251,0.1203747493910309,0.536194081236518,0.9252202400779518,10.71166058997909,5.935431020000001,0.6540177179138289,0.0439490817106038,0.3872062409170304,1.81858747,19.82475291,14.881260141461173,1.961971445661866,0.1172345725909521,0.3098501229143262,6.536572308749999,21.87658878875,16.735433944963134,3.215081863879675,0.1730465046288886,0.2128639606644281,15.87800826183197,23.24640222752,18.57929387695326,D,B,A,B,B
Cervus_elaphus,50,exact,juv_severe,all,attritional,0.0,naive,40,0,0.0,50.0,9.359038961631954,9.949105329638332,10.008315891274997,8.673234711249998,11.92562249375,0.940691514618046,4.954761471627461,0.8347770288176072,0.8448988854627077,9.694974127002364,12.105598881931291,5.935431020000001,4.922210669163829,0.3307657162346013,0.3346415589429852,18.66555771,20.75542968125,14.881260141461173,4.937691936286866,0.2950441531737492,0.2979435648335584,20.83150186625,22.390679785,16.735433944963134,4.526999919501193,0.2436583408111502,0.2447183835986195,22.69718004213483,23.45301705858156,18.57929387695326,D,D,B,B,B
Cervus_elaphus,50,exact,monotone_logistic,all,attritional,0.0,informed,40,0,0.0,50.0,4.381442697881953,4.657682810778807,5.2884097786829525,2.06491645,9.604817103749996,0.940691514618046,1.403381355800121,0.2364413554923465,0.3752318055764506,4.646450756164577,10.333070741933176,5.935431020000001,2.9121843047888283,0.1956947380198734,0.2267133136508407,14.479172545,19.72785143625,14.881260141461173,3.915547418786866,0.2339674866910354,0.2423607947673753,18.5949192525,21.85183514125,16.735433944963134,4.156490831616038,0.2237162972470105,0.2249868135571924,21.881194048318523,23.23729054328712,18.57929387695326,D,B,B,B,B
Cervus_elaphus,50,exact,monotone_logistic,all,attritional,0.0,naive,40,0,0.0,50.0,9.365076436631956,9.95552345386522,9.99783168469384,9.030955105,11.545865316249998,0.940691514618046,4.957845583027217,0.8352966391693009,0.8427536992652713,9.819172130695186,11.86557555057066,5.935431020000001,5.0397904947888295,0.3386669171078665,0.3416310538283366,18.74766737,20.9362520575,14.881260141461173,5.052705835036866,0.3019166310030209,0.3034775614676302,20.869236085,22.48697751125,16.735433944963134,4.600784599298228,0.2476296801034664,0.2480037166591978,22.75470972066662,23.4927692140734,18.57929387695326,D,D,B,B,B
Cervus_elaphus,50,exact,nonmonotone,all,attritional,0.0,informed,40,0,0.0,50.0,3.194324176006954,3.395719134666546,3.892771276026157,1.9870330225000004,7.756142258749998,0.940691514618046,0.5497938495193171,0.0926291363957789,0.254547673826021,4.676216890376895,9.125921210014988,5.935431020000001,2.235081483538828,0.1501943694480277,0.2023647210822445,13.79452288,19.9461061575,14.881260141461173,3.515111889411866,0.2100400802854478,0.2254945374881624,17.9175145575,21.976509,16.735433944963134,3.9907616458848105,0.2147961958250288,0.21721797618213,21.548875964251845,23.288503304038155,18.57929387695326,D,A,B,B,B
Cervus_elaphus,50,exact,nonmonotone,all,attritional,0.0,naive,40,0,0.0,50.0,6.176987762881953,6.566432955855916,6.642963702879898,5.63819602875,8.443206913749997,0.940691514618046,2.490650949113945,0.4196242767747547,0.4353507258720557,7.271172827333201,9.548470561222723,5.935431020000001,2.9361832679138287,0.197307434988871,0.2099214655471178,15.641084608749996,19.19051616125,14.881260141461173,3.6627281531618654,0.2188606620663241,0.225726130029133,18.53786511375,21.50528407625,16.735433944963134,3.983361384560394,0.2143978889047859,0.2159526854825965,21.637055927484877,23.09372480356638,18.57929387695326,D,C,B,B,B
Cervus_elaphus,50,interval2,constant,all,attritional,0.0,informed,40,0,0.0,50.0,1.5548478397569538,1.6528775008545462,1.960766492182285,0.82602658,4.19252264,0.940691514618046,-0.6229293920219434,-0.1049509951211501,0.178955569606218,3.792746223748779,6.6221365390020805,5.935431020000001,0.963287374788828,0.0647315728393848,0.1183448390992905,13.187152895,17.61232019625,14.881260141461173,2.798463606911866,0.167217869349251,0.1768757227561934,17.83087679125,20.65339635375,16.735433944963134,3.706089205584192,0.1994741689392954,0.2006826432166878,21.57080487739035,22.754785761584955,18.57929387695326,D,A,A,B,B
Cervus_elaphus,50,interval2,constant,all,attritional,0.0,naive,40,0,0.0,50.0,3.0646694003819537,3.2578899168940816,3.3638240666825188,2.70971878,5.124708779999999,0.940691514618046,-0.0386380775466415,-0.0065097340726304,0.1443485632885019,4.406415919660083,7.097390558335777,5.935431020000001,-0.1605885964611717,-0.0107913305012221,0.1297172388483769,11.23191661625,17.384707388749995,14.881260141461173,1.4190515062868658,0.0847932303968704,0.134498786632208,14.83991167625,20.3723518925,16.735433944963134,2.934865059293896,0.1579642950227757,0.166096036812832,19.657815291617307,22.6183452043673,18.57929387695326,D,A,A,A,B
Cervus_elaphus,50,noisy,constant,all,attritional,0.0,informed,40,0,0.0,50.0,2.432847641631954,2.586233216550036,2.71275082133318,2.28226555,4.693934938749999,0.940691514618046,-0.3025276912855044,-0.050969793139893,0.1426560473204107,4.361326830469532,6.942546096960174,5.935431020000001,0.2982595035388279,0.0200426241261542,0.1183223672713274,12.13059477,17.805821269999996,14.881260141461173,2.0410623681618656,0.1219605284735484,0.1488819582144745,16.19049483375,20.72161982125,16.735433944963134,3.312377031283922,0.1782832573305043,0.1822476669195857,20.624366164748867,22.776509636965457,18.57929387695326,D,A,A,B,B
Cervus_elaphus,50,noisy,constant,all,attritional,0.0,naive,40,0,0.0,50.0,2.394962486006954,2.5459594870263005,2.67222972701613,2.19019405625,4.350100737499999,0.940691514618046,-0.3531131213710561,-0.0594924143135027,0.1431649405031376,4.354935972249931,6.660889513091887,5.935431020000001,0.1619635054138283,0.0108837224720355,0.1112347856040395,12.41043173625,17.01159143375,14.881260141461173,1.9450665156618652,0.116224444616046,0.1402704794309181,16.50142479625,20.20149135,16.735433944963134,3.2745702286425824,0.1762483682280591,0.1793924403173462,20.79496266446877,22.55439413087123,18.57929387695326,D,A,A,B,B
Cervus_elaphus,50,rounded,constant,all,attritional,0.0,informed,40,0,0.0,50.0,1.4193065260069535,1.5087906119608645,1.8335922926622377,1.00383021875,3.736693277499997,0.940691514618046,-0.7904611554821616,-0.1331767065978236,0.1942425577264232,3.9778605059734886,6.305543845897944,5.935431020000001,0.5571162441638281,0.037437437345217,0.1046423333567559,13.471819841249998,17.291428399999997,14.881260141461173,2.5094194912868657,0.1499464847783123,0.1610697704424776,17.9935867425,20.4435940975,16.735433944963134,3.579575412017543,0.1926647716390254,0.1940183193203302,21.634994160776063,22.66871446572192,18.57929387695326,B,A,A,B,B
Cervus_elaphus,50,rounded,constant,all,attritional,0.0,naive,40,0,0.0,50.0,2.7620409660069534,2.9361814400212167,3.110462057546124,2.5485181975,5.905052423749999,0.940691514618046,-0.1078567538543563,-0.0181716801174038,0.1603484290472736,4.473484092023645,7.765843625795832,5.935431020000001,0.3411255760388284,0.0229231646242381,0.1310235265118376,12.212402556249998,18.34194905,14.881260141461173,1.9983472325368656,0.1194081515369554,0.1510909362180947,16.193815445,20.99692868125,16.735433944963134,3.276514623348156,0.1763530220818843,0.1809616945856637,20.60398580924925,22.883065441425103,18.57929387695326,D,A,A,B,B
Cervus_elaphus,100,exact,constant,all,attritional,0.0,informed,40,0,0.0,100.0,2.5077123316319536,2.665817956963473,2.7085763973323145,2.78730033375,4.179542068749999,0.940691514618046,-0.1865515702343741,-0.0314301639772698,0.0877991136202489,4.981749520819294,6.4731584826905175,5.935431020000001,0.6422446416638283,0.043157947348454,0.0862950124981655,13.674980874999996,17.025477626249998,14.881260141461173,2.3608976062868656,0.1410717889987803,0.1504095614349488,17.602660236249996,20.21266067875,16.735433944963134,3.478674006613716,0.1872339190957546,0.1885087738182754,21.355029073214627,22.560772293858843,18.57929387695326,D,A,A,B,B
Cervus_elaphus,100,exact,constant,all,attritional,0.0,naive,40,0,0.0,100.0,2.4746571560069537,2.630678726821249,2.6920628993530884,2.631231605,4.317196498749999,0.940691514618046,-0.2067008623919772,-0.0348249119053829,0.0990302347467967,4.810709870400547,6.600592790625911,5.935431020000001,0.6337921766638284,0.0425899534474233,0.0908309796592732,13.63996352,17.20358313875,14.881260141461173,2.3601429219118657,0.1410266939999006,0.1517281939363601,17.667261218749996,20.32707083,16.735433944963134,3.478908322502804,0.1872465307639181,0.1887213388124297,21.406063961122253,22.608136306128102,18.57929387695326,D,A,A,B,B
Dipodomys_spectabilis,30,exact,constant,all,attritional,0.0,informed,30,0,0.0,30.0,0.8130728174999997,1.6261456349999994,1.6631126294590872,0.5679198212499998,1.1100805862499994,0.0,-0.0155153265411723,-0.0139128864061324,0.1517445601475603,0.8386725569741759,1.3580090619611265,1.115176685,0.7711908870682702,0.4620765058924224,0.5049561111267297,1.85691005875,2.89876836625,1.6689679679317295,0.7474877244282416,0.316146919695974,0.3679658183476145,2.31575435875,3.69953216875,2.3643682030717583,0.8427353369156791,0.2340911766955478,0.2973379045904516,3.225395112637674,5.401469096628301,3.6000303335298978,B,A,B,B,B
Dipodomys_spectabilis,30,exact,constant,all,attritional,0.0,naive,30,0,0.0,30.0,0.8022054524999999,1.6044109049999995,1.6285028215590356,0.6105842912499999,1.0062368762499996,0.0,-0.0232436294118417,-0.0208430015839523,0.1548995777219966,0.8145230462230691,1.3427084115167272,1.115176685,0.7722642070682703,0.4627196099067733,0.5272861256408835,1.8276285475,3.0728474537499992,1.6689679679317295,0.7518480869282413,0.317991117437398,0.4019634584250151,2.31122629,4.112492038749998,2.3643682030717583,0.8242346053243065,0.2289521278883583,0.3229425796750427,3.274489055115938,5.876475955735917,3.6000303335298978,B,A,B,B,B
Elephas_maximus,30,exact,constant,all,attritional,0.0,informed,30,0,0.0,30.0,-1.4688295525000024,-0.0691213907058824,0.2129628127137711,14.611092461249996,28.005530028749988,21.25,-1.3146903441944646,-0.047987226193285,0.14234148022337,21.22675522388957,32.87230839146067,27.396673,0.743446618910271,0.0123749117104142,0.1003125655802381,50.89694450875,69.69131605624999,60.07692307692306,5.862075617196992,0.08833264628653,0.1147045432913515,64.04470735125,78.81267463749998,66.36363636363633,8.783260649163516,0.1195226175619596,0.1240833612647944,78.24289721475306,85.32640141627327,73.48618050981307,A,A,A,A,B
Elephas_maximus,30,exact,constant,all,attritional,0.0,naive,30,0,0.0,30.0,-0.9784700991666684,-0.0460456517254902,0.1971630910751293,14.635759933749997,28.128867391249987,21.25,-0.7872631245416294,-0.0287357200102957,0.1327610034214402,21.367849280393084,32.994015174677344,27.396673,1.960375262243602,0.0326310863113531,0.1065059254847952,49.483049835,70.49637265874999,60.07692307692306,6.823359545530324,0.1028177465764844,0.1275234642295327,62.99073352624999,79.31611532624999,66.36363636363633,9.226590501016426,0.125555450521535,0.1303531690992688,77.74918336165348,85.53381563035535,73.48618050981307,A,A,A,B,B
Enhydra_lutris,30,exact,constant,all,attritional,0.0,informed,30,0,0.0,30.0,2.2536881683333334,4.507376336666667,4.688914673281612,1.2709884875,3.33671055875,0.0,0.0838133928123526,0.0201078598155853,0.2043724781910143,2.7838966869552197,5.580293503217491,4.168190627,0.2116834061012124,0.0183765231326796,0.1976519897439063,7.645656466249999,15.259516188749998,11.519230518898787,2.110176878272388,0.1563744848482017,0.2352292981049848,11.0347930575,18.94569655,13.494381006727613,4.219725025014411,0.2649904309933125,0.281400678051348,17.05741059966445,22.00032287194501,15.924065669831313,D,A,A,B,B
Enhydra_lutris,30,exact,constant,all,attritional,0.0,naive,30,0,0.0,30.0,2.02144663,4.0428932600000005,4.2342166948509945,1.3434381875,3.5211554199999995,0.0,-0.2350408197031113,-0.0563891723618885,0.2078987167129595,2.9268795359990047,5.636944950260873,4.168190627,-0.6420155588987878,-0.0557342400471523,0.2042908111674373,8.161558705,14.8039887,11.519230518898787,1.2202530632723885,0.0904267533771302,0.2019408608865724,11.535299735,18.4717547625,13.494381006727613,3.65551420034329,0.2295591010572624,0.2513087513381389,17.26293607290987,21.761044281026543,15.924065669831313,D,A,A,A,B
Equus_przewalskii,30,exact,constant,all,attritional,0.0,informed,30,0,0.0,30.0,-0.0513134001358282,-0.0049313730322579,0.2088136459085378,7.02171776625,13.749942763749996,10.405499604302497,-0.6466017200940257,-0.0519390266804885,0.1335450962530434,9.484419841209538,14.188701593224089,12.449245999,1.0168693040594845,0.0428914786909092,0.0630549101276262,23.0461954225,26.2873445825,23.707956337607182,2.841326712249743,0.116667868090211,0.1194891466640094,26.2574446825,28.07199486375,24.353978166916924,4.079228906015426,0.1648413423871378,0.1651650703281431,28.4481363717077,29.18015568538263,24.74639460551808,A,A,A,B,B
Equus_przewalskii,30,exact,constant,all,attritional,0.0,naive,30,0,0.0,30.0,-0.3009775651358286,-0.0289248547961483,0.2212217528158657,6.85577332125,14.37410317625,10.405499604302497,-0.8299876816004695,-0.0666697149102153,0.1466731263867778,9.284740219011264,14.727908123022493,12.449245999,0.7358102440594843,0.0310364264882794,0.0586608338968744,22.2957079325,25.96405191375,23.707956337607182,2.664917302249742,0.1094243118715543,0.1130187775102052,25.73830766875,27.87316052875,24.353978166916924,4.005179717317755,0.1618490200760259,0.1622495191613712,28.225184467537893,29.095943399967958,24.74639460551808,A,A,A,B,B
Globicephala_melas,30,exact,constant,all,attritional,0.0,informed,30,0,0.0,30.0,1.5211534339743582,0.1831018022376541,0.39063489758914,5.81817008,14.511551507499997,8.307692307692308,-1.7550612593932788,-0.1047922891985951,0.1790332517756537,11.430971376189293,18.88783403867001,16.747999999,-0.5485689499019415,-0.0140025107332327,0.1043184127855722,32.30373179625,44.330626915,39.17647058823528,4.31948731737183,0.1015431014933704,0.1241295550576305,42.14371876875,50.7601222025,42.53846153846151,7.276385949373905,0.1565836704425768,0.1594271150550918,51.59341342273085,55.46041184944966,46.46963459732117,B,A,A,B,B
Globicephala_melas,30,exact,constant,all,attritional,0.0,naive,30,0,0.0,30.0,3.894519387307691,0.4687847410648147,0.6141523563650065,8.0190075775,17.668382374999997,8.307692307692308,0.2871187026979015,0.0171434620680108,0.1556480456940989,13.379002951258956,21.230149977623505,16.747999999,2.697214265931392,0.0688478115928433,0.1127452010630179,36.132104018750006,47.05418164625,39.17647058823528,6.645933350705162,0.1562335145735392,0.1659766086349177,45.2470316025,52.471233035,42.53846153846151,8.319776051977085,0.1790368296215674,0.180431265238492,53.00788078180016,56.18387072095538,46.46963459732117,C,A,A,B,B
Gorilla_beringei,30,exact,constant,all,attritional,0.0,informed,30,0,0.0,30.0,-10.793828409740817,-0.4551875341537676,0.4698328487516319,9.323764073749995,17.532332851249993,23.71292621140748,-3.702697540756447,-0.1805037728032536,0.2035329608330272,14.16960526117853,20.001956276524524,20.513131018,-1.4232492268399812,-0.0344708551055737,0.0561154058053172,37.07654422624999,42.653285705,41.28848044183998,3.0520174319080158,0.0728511776633004,0.0771768518970645,43.30412691875,46.53303303749999,41.89386540892532,5.801970420154182,0.1363627733829591,0.1367472542577045,47.67746711551397,48.992952431695926,42.54805234754223,B,A,A,A,B
Gorilla_beringei,30,exact,constant,all,attritional,0.0,naive,30,0,0.0,30.0,-11.506443668074144,-0.4852392979884022,0.5050335961432303,7.715952251249998,16.99407641499999,23.71292621140748,-4.223815259769399,-0.2059078770599698,0.2365708976447274,13.063955789147842,19.617464447858648,20.513131018,-2.0055697426733152,-0.048574559325292,0.0783271768384266,35.88491658125,42.19156161749999,41.28848044183998,2.699504795241348,0.0644367562861895,0.0742379179747874,42.59699331625,46.276238545,41.89386540892532,5.655731209454115,0.1329257368411792,0.133778359495494,47.38846037807323,48.89069939643168,42.54805234754223,B,A,A,A,B
Helogale_parvula,30,exact,constant,all,attritional,0.0,informed,30,0,0.0,30.0,1.1426183766666669,2.2852367533333338,2.331143119497692,0.8354264075,1.5183068237499997,0.0,-0.1547718135513522,-0.0760367103605431,0.1792072340652752,1.3581794000641656,2.3268021857957333,2.0354880269999995,-0.1075305703627388,-0.0226956619002072,0.1799374440264012,3.24545306125,5.994440249999999,4.737934977862738,0.0167726707244969,0.0026782987106013,0.1856419741466618,4.261903418749999,8.256117763749998,6.262434678442169,0.6366244927082473,0.0703544609769531,0.1908972935407669,6.673397352898389,12.240324946513038,9.048814870698736,B,A,A,A,A
Helogale_parvula,30,exact,constant,all,attritional,0.0,naive,30,0,0.0,30.0,1.1907743475,2.381548695,2.453536358371122,0.7183427112499999,1.6179249962499995,0.0,-0.0603190485451247,-0.0296337034386912,0.2312392459298403,1.1733014508155537,2.710418202849828,2.0354880269999995,0.1654490971372611,0.0349200860523194,0.2625771798539135,2.86336777625,6.877419506249996,4.737934977862738,0.3896580090578302,0.0622214887764323,0.2763815973339579,3.714865965,9.343077087499998,6.262434678442169,1.022888788455517,0.1130411886055672,0.2748488196643752,5.535138037334628,13.162547657801914,9.048814870698736,B,A,A,A,B
Lemur_catta,30,exact,constant,all,attritional,0.0,informed,30,0,0.0,30.0,0.9363861595487416,0.3744148467020675,0.489035044854089,2.4173308225,4.90727004375,2.500932235451258,-0.3091138486650986,-0.0575591386442569,0.1551366264833499,4.260292877535668,6.5886257284037,5.3703696050000005,0.9151985335889264,0.0781108027263521,0.1683495451786394,9.8962046925,15.535374949999998,11.71667044307774,2.8185320021944005,0.2216407206255839,0.2563581999922178,12.50904957,17.8460012875,12.716670448638933,3.283493681210928,0.2173468250641456,0.2264108953434231,16.407948728380152,19.543625809896213,15.10716192997929,B,A,A,B,B
Lemur_catta,30,exact,constant,all,attritional,0.0,naive,30,0,0.0,30.0,1.005558325382075,0.4020733993220877,0.487240489505976,2.4571781300000004,4.561322965,2.500932235451258,-0.2832457568155821,-0.0527423208547639,0.1331826810461649,4.035606173034349,6.09051891610133,5.3703696050000005,0.8299839452555929,0.0708378672326617,0.1386559474626781,10.3008877375,14.7699961475,11.71667044307774,2.766437253861066,0.2175441492357898,0.2391634455676066,13.2537284725,17.3709385825,12.716670448638933,3.294484377190764,0.2180743406644136,0.2226876460720736,17.10524847107492,19.34686717204421,15.10716192997929,B,A,A,B,B
Loxodonta_africana,5,exact,constant,all,attritional,0.0,informed,40,0,0.0,5.0,-1.402587619402179,-0.0767170398246138,0.4898820082787255,7.028645923749998,32.25298423249997,18.282608695652176,-1.387930672734316,-0.0636461077972355,0.3594562994702296,12.875020961616888,32.35597079348322,21.807,-6.36897187312496,-0.1332420893959197,0.248573541877017,28.00108072625,55.0964377025,47.79999999999996,-2.6595723285227044,-0.0514152822737254,0.214833558390515,32.61161123749999,61.740999156249984,51.7272727272727,0.7892266990346075,0.0137140540002834,0.1699823931783483,40.97063397624014,68.10964077385364,57.54875247088098,B,A,A,A,A
Loxodonta_africana,5,exact,constant,all,attritional,0.0,naive,40,0,0.0,5.0,-1.9056616125271788,-0.104233572147741,0.508760408335937,5.958198651249999,31.326531136249976,18.282608695652176,-2.184694888058135,-0.1001831929223705,0.3881079503577876,7.957524550038324,32.035059815916874,21.807,-8.039847691874959,-0.1681976504576353,0.3096277793482446,17.532975799999996,58.39653064749999,47.79999999999996,-4.557306896647705,-0.0881025937840505,0.2748702349271607,22.20599435,64.84276049999998,51.7272727272727,-1.3477167280358322,-0.0234186958043575,0.2261330336892949,31.889652611066445,69.15923133121967,57.54875247088098,B,A,A,A,A
Loxodonta_africana,10,exact,constant,all,attritional,0.0,informed,40,0,0.0,10.0,-2.06369295690218,-0.1128773793311536,0.3326480495198748,6.337655002499998,25.2941713375,18.282608695652176,-1.7734824560306506,-0.0813262922928715,0.2469687916753356,13.440783192841128,27.22534663761813,21.807,-4.961179753749958,-0.1037903714173632,0.2148240912049575,27.6995080175,56.56083130624999,47.79999999999996,-0.5639589710227059,-0.0109025460127412,0.1805613496608491,33.23196350625,63.63737528874999,51.7272727272727,3.413830472509441,0.0593206685798584,0.1508943004707248,49.017054587576695,68.88240800761014,57.54875247088098,A,A,A,A,A
Loxodonta_africana,10,exact,constant,all,attritional,0.0,naive,40,0,0.0,10.0,-2.0532782837771784,-0.1123077301471465,0.3673263451557161,6.739751947499999,28.180394228749982,18.282608695652176,-1.575250060604994,-0.0722359820518638,0.2627608046736642,12.390261901821304,29.51942197103465,21.807,-4.239850436874958,-0.0886997999346226,0.2086165253944986,30.06228038124999,55.02127093125,47.79999999999996,0.3067982646022951,0.0059310736566348,0.1751021920228791,37.07361945375,62.66926349999999,51.7272727272727,4.175300176644471,0.0725524011794543,0.1449496119452313,48.32925108352028,68.4412172767864,57.54875247088098,A,A,A,A,A
Loxodonta_africana,20,exact,constant,all,attritional,0.0,informed,40,0,0.0,20.0,-2.3480588144021786,-0.128431278790131,0.2653301470567465,10.648424052499996,23.136069941249996,18.282608695652176,-1.0775490344410008,-0.0494129882350163,0.1725048503233827,16.034991363025956,26.417681724616937,21.807,-0.4430228649999597,-0.0092682607740577,0.127368784956143,37.98105445125,54.75592317249998,47.79999999999996,4.777409906477293,0.092357660757909,0.1426699008731121,48.08600425374999,62.85038825,51.7272727272727,7.749934691746375,0.1346672926692503,0.1477679918822983,60.7995632651183,68.59840061204412,57.54875247088098,A,A,A,A,B
Loxodonta_africana,20,exact,constant,all,attritional,0.0,naive,40,0,0.0,20.0,-3.2491544456521795,-0.1777183168846614,0.2777104866623275,9.679406639999996,21.293125609999997,18.282608695652176,-1.9510206894243207,-0.0894676337609172,0.1776135467503113,15.00196431924615,25.534971684912904,21.807,-2.0129216356249584,-0.0421113312892251,0.1462357950754883,36.31470675125,55.99753333374999,47.79999999999996,3.237849531477294,0.0625946306612482,0.1409122835534784,45.03948595875,63.55043540874999,51.7272727272727,6.603803170512757,0.1147514565820381,0.1433738559996016,57.635623946763154,68.89994169737312,57.54875247088098,A,A,A,A,B
Loxodonta_africana,20,exact,constant,all,catastrophic,-0.05,informed,40,0,0.0,20.0,13.16618164684782,0.7201478665338878,0.9957372890021846,11.381073666249996,48.48538432749999,18.282608695652176,10.358428332477,0.4750047385003441,0.7002331026818731,14.885387739157224,47.929033478910846,21.807,-1.48449017749996,-0.0310562798640159,0.2031704058244428,32.479390169999995,57.01726567624999,47.79999999999996,-0.820703304147704,-0.0158659689729784,0.1558800812590567,40.6390601575,59.77398437124999,51.7272727272727,0.6688288697359452,0.011621952536232,0.090341711681298,51.4506740527315,64.40492602464266,57.54875247088098,C,C,A,A,A
Loxodonta_africana,20,exact,constant,all,catastrophic,-0.05,naive,40,0,0.0,20.0,7.81213403684782,0.427298651242568,0.4971894504604714,19.13864670875,34.76880700999999,18.282608695652176,6.367330730387882,0.2919856344470987,0.341981055944949,21.501423710239443,35.555601339703614,21.807,3.045892631875039,0.0637216031773021,0.1328346411008754,41.22318747625,58.63380406999999,47.79999999999996,5.693901141477293,0.1100754174978036,0.1558193381889835,48.71631838374999,64.88170232124999,51.7272727272727,7.153191035927572,0.1242979339916535,0.1449314759723494,58.365699083871,69.39703485958643,57.54875247088098,C,B,A,B,B
Loxodonta_africana,20,exact,constant,all,catastrophic,0.0,informed,40,0,0.0,20.0,1.4288450349728214,0.0781532361578475,0.7290079654336656,0.1730741362499999,40.2188507375,18.282608695652176,-0.0055510748268282,-0.0002545547221914,0.5352142968104889,3.1585718609057,39.68363501085664,21.807,-11.334054082499955,-0.2371141021443508,0.3602866126401158,8.957624511249998,53.11583856124998,47.79999999999996,-8.734043631647703,-0.168847943669815,0.2833376432163018,17.490411483749998,57.55158368874999,51.7272727272727,-3.874079672032212,-0.0673182216068446,0.1580390535460553,39.67814703568527,65.11964225850447,57.54875247088098,B,B,A,A,A
Loxodonta_africana,20,exact,constant,all,catastrophic,0.0,naive,40,0,0.0,20.0,-4.814072285652179,-0.2633142986206899,0.3131203000497052,9.030074411249997,19.13864670875,18.282608695652176,-4.969977736146489,-0.2279074488075612,0.2587564400439625,13.8206180252811,21.201223453080065,21.807,-12.04632716187496,-0.2520152125915266,0.2740900981776106,28.177677357499995,42.9683244425,47.79999999999996,-7.933925048522701,-0.1533799218519328,0.1937843678760777,34.51794923124999,52.29806031499999,51.7272727272727,-1.8573104527019797,-0.0322736874903023,0.1095126571008634,45.79970151811984,62.90607430781792,57.54875247088098,A,A,A,A,A
Loxodonta_africana,20,exact,constant,all,catastrophic,0.05,informed,40,0,0.0,20.0,0.0038460643478217,0.0002103673721757,0.7292018917811951,0.0182124749999999,38.04263686624999,18.282608695652176,-2.2403891714233586,-0.1027371564829347,0.578464905643647,1.2965467641642774,38.2319560234107,21.807,-19.30942963687496,-0.4039629631145393,0.548231253797012,0.4683074787499998,50.45602160749996,47.79999999999996,-18.491686726022703,-0.3574842776559751,0.4953093277116759,4.995520604999999,57.29166967249997,51.7272727272727,-13.508048018257671,-0.2347235593871925,0.3415766289496188,26.67207825073699,65.41933219538444,57.54875247088098,B,B,B,B,A
Loxodonta_africana,20,exact,constant,all,catastrophic,0.05,naive,40,0,0.0,20.0,-10.691570423152177,-0.5847945772473248,0.5934261412753262,5.120496682499998,11.364772438749997,18.282608695652176,-11.49098302429575,-0.5269401120876667,0.536551059203365,7.313406523598199,13.42330075216146,21.807,-24.73456871124996,-0.517459596469665,0.5294381597914377,15.396609373749996,31.535730222499996,47.79999999999996,-22.3233808122727,-0.431559207267135,0.4534193344707171,18.81081091125,39.73253078374998,51.7272727272727,-16.350617224680185,-0.2841176658512869,0.3300877878659273,25.46220408517617,54.65550013560287,57.54875247088098,B,B,B,B,A
Loxodonta_africana,20,exact,constant,grouped,attritional,0.0,informed,40,0,0.0,20.0,-1.7363099712771786,-0.0949705810686685,0.2391690557885199,9.935698161249997,23.7147635175,18.282608695652176,-0.669132680944555,-0.0306843069172538,0.1575144273273071,16.505907284935244,26.480300665199067,21.807,-0.2039381949999597,-0.0042664894351456,0.1342002613285922,36.960416485,57.66569228124999,47.79999999999996,4.664206937727293,0.0901692026625663,0.1472294035919203,44.60388093499999,64.52941468249999,51.7272727272727,7.4696405434662525,0.1297967414193002,0.1461614280148052,56.91569916540313,69.28471808346907,57.54875247088098,A,A,A,A,B
Loxodonta_africana,20,exact,constant,grouped,attritional,0.0,naive,40,0,0.0,20.0,-1.892530068152179,-0.1035153188287755,0.2629549790338745,11.01520167125,24.1983666,18.282608695652176,-0.6580330437263009,-0.0301753126852066,0.1647121666215782,16.602097036693838,26.32933592432901,21.807,0.1306897806250408,0.0027340958289757,0.1251397596081025,37.75464851375,55.67603690249999,47.79999999999996,5.0762657439772925,0.0981351901296138,0.1458869111191274,47.22294482,63.19633652249999,51.7272727272727,7.822492067849758,0.1359280910877755,0.1476020853411065,59.87084343413251,68.75283472694908,57.54875247088098,A,A,A,A,B
Loxodonta_africana,20,exact,constant,max_only,attritional,0.0,informed,40,0,0.0,20.0,35.50248581684782,1.9418719947384064,1.9696776346844629,42.90311953249999,62.49810061124999,18.282608695652176,31.944831757731663,1.4648888777792295,1.490741751406764,42.87894675473464,62.46076139257686,21.807,6.138597738125037,0.1284225468226996,0.1801791028366913,43.0299068575,62.66111288624999,47.79999999999996,2.2461915252272933,0.0434237377460461,0.1246736479462309,43.06522618374999,62.71454468749999,51.7272727272727,-3.5375354472942844,-0.0614702368932191,0.1217492841307525,43.09695855860917,62.74911882625028,57.54875247088098,D,D,B,A,A
Loxodonta_africana,20,exact,constant,max_only,attritional,0.0,naive,40,0,0.0,20.0,35.51833423247282,1.94273885219233,1.969960805414896,43.56784736499999,62.54881554124999,18.282608695652176,31.958224697661212,1.4655030356152257,1.4908079669879193,43.54545188571036,62.507957950619954,21.807,6.152634906250038,0.1287162114278252,0.1794895871530654,43.69554031375,62.71273343999999,47.79999999999996,2.2584174458522943,0.0436600912203431,0.123596434351772,43.73085963999999,62.748958389999984,51.7272727272727,-3.523866688773501,-0.0612327207363276,0.1206864655645091,43.76089229810937,62.800078109852286,57.54875247088098,D,D,B,A,A
Loxodonta_africana,20,exact,constant,mixed,attritional,0.0,informed,40,0,0.0,20.0,-2.3041360625271787,-0.1260288452749705,0.2980012606693736,8.5075295075,24.480015586249998,18.282608695652176,-1.5458010800866189,-0.0708855450124555,0.1880074991922367,14.276413542309951,26.62676895051086,21.807,-3.3346794987499586,-0.0697631694299155,0.115312885460263,37.42681271625,51.09086385624999,47.79999999999996,2.0107293502272934,0.0388717449077332,0.0851716048773737,46.51203017625,59.07665408374999,51.7272727272727,6.226923872920346,0.1082025865994419,0.1167144123818496,59.22362939949811,66.73174723583314,57.54875247088098,A,A,A,A,B
Loxodonta_africana,20,exact,constant,mixed,attritional,0.0,naive,40,0,0.0,20.0,-2.170103747527179,-0.1186977079503569,0.2651153429926164,9.513677493749997,22.02577522375,18.282608695652176,-1.3128883098118194,-0.0602049025455963,0.1661609465800804,15.221649210768875,25.19191140062044,21.807,-2.4331310556249583,-0.0509023233394343,0.1077382927683499,37.64959615875,52.33700213625,47.79999999999996,2.871977536477295,0.0555215340971006,0.0950318448864258,48.24448841,60.761114258749984,51.7272727272727,6.786902087039612,0.1179330879583134,0.1241482232911018,60.635294143045584,67.61976819664612,57.54875247088098,A,A,A,A,B
Loxodonta_africana,20,exact,juv_moderate,all,attritional,0.0,informed,40,0,0.0,20.0,0.8098512018478214,0.0442962607431626,0.4468793537076375,0.5172111612499999,30.19721831999999,18.282608695652176,0.5474295180445393,0.0251033850618855,0.3326562601198445,6.6336287799210325,31.36650978633712,21.807,-3.2359665099999595,-0.0676980441422586,0.2594495282857972,22.979397032500003,54.47880230499998,47.79999999999996,0.6269362602272956,0.012120033150264,0.2465958764005138,37.945735125000006,62.40029324625,51.7272727272727,4.576882932230939,0.0795305325610105,0.1651967241995158,50.84415015751832,68.073531626864,57.54875247088098,B,A,A,A,A
Loxodonta_africana,20,exact,juv_moderate,all,attritional,0.0,naive,40,0,0.0,20.0,7.645046454972819,0.4181594969426275,0.4645247625049064,20.254375168749995,32.55093444624999,18.282608695652176,5.861247951613788,0.2687782799841238,0.3065767516396357,22.43429861577802,33.58968524996694,21.807,0.53323953750004,0.0111556388598334,0.0961006365229462,39.82490440625,55.31831552124999,47.79999999999996,3.027292009602293,0.0585240986039107,0.1087196404566815,45.84549109625,62.09419241874999,51.7272727272727,5.393323970015708,0.0937174784587149,0.1131258985418599,55.81696006646154,68.15585949397946,57.54875247088098,C,B,A,A,A
Loxodonta_africana,20,exact,juv_severe,all,attritional,0.0,informed,40,0,0.0,20.0,2.761923194972822,0.1510683317107607,0.4835912315988507,0.0182124749999999,30.8293436975,18.282608695652176,1.8788567253035664,0.086158422768082,0.367967532082316,1.6130261128733507,31.786750619822072,21.807,-3.1041982543749587,-0.0649413860747899,0.2871132267802832,1.2326539237499998,54.50778226499999,47.79999999999996,0.3122320071022939,0.0060361196452113,0.2673756841300987,8.148902502499999,61.81163780874999,51.7272727272727,4.495750701421548,0.0781207325683792,0.1656335013573111,37.27866168180661,67.93134624817043,57.54875247088098,B,A,A,A,A
Loxodonta_africana,20,exact,juv_severe,all,attritional,0.0,naive,40,0,0.0,20.0,10.70107379934782,0.5853143814149818,0.6106840756039629,23.631446132499995,33.42214449374999,18.282608695652176,8.327757376875638,0.3818845956287265,0.4045499543300613,26.05884064003828,34.27671521579789,21.807,1.9233719937500404,0.0402379078190385,0.1075048065376463,43.901116905,57.59233675749999,47.79999999999996,3.763111306477293,0.0727490762236384,0.1235653729993907,48.20373534125,63.18275216624999,51.7272727272727,5.314122859285727,0.0923412347118143,0.1235770326315772,55.24164672139249,68.45299823244324,57.54875247088098,C,C,A,A,A
Loxodonta_africana,20,exact,monotone_logistic,all,attritional,0.0,informed,40,0,0.0,20.0,2.5839681280978217,0.1413347608709866,0.3820548333768805,9.491036899999996,30.584825284999997,18.282608695652176,2.178786118619797,0.0999122354574126,0.2542428436748293,15.335295364645765,32.027025967748536,21.807,-0.735539336249959,-0.0153878522228025,0.1243431102064834,36.8680428625,55.09915457374999,47.79999999999996,3.1930211558522945,0.0617280012554925,0.1241716515075256,43.44739940624999,61.96559384625,51.7272727272727,6.1271848289252935,0.1064694639909975,0.1310640266357543,55.17743931633036,68.08074302897145,57.54875247088098,B,A,A,A,B
Loxodonta_africana,20,exact,monotone_logistic,all,attritional,0.0,naive,40,0,0.0,20.0,9.80903440559782,0.5365226904369795,0.5751986579797447,22.371723496249995,34.743449545,18.282608695652176,7.556046287992546,0.3464963675880473,0.3797282577477266,24.27387360824397,35.16861861839036,21.807,1.1092162425000411,0.0232053607217582,0.1025624202623818,42.2546929275,56.74195605624999,47.79999999999996,3.0558191577272944,0.0590755900439371,0.113930669165874,47.2790934925,63.51964420124999,51.7272727272727,4.938035975516681,0.0858061341645115,0.1149349803491516,56.43602790033212,68.77928960400241,57.54875247088098,C,B,A,A,A
Loxodonta_africana,20,exact,nonmonotone,all,attritional,0.0,informed,40,0,0.0,20.0,0.299079406847821,0.0163586833709866,0.3980282193498425,9.049092509999996,32.706701731249986,18.282608695652176,0.3921845387560884,0.0179843416680922,0.2797403016872731,14.229432052842304,33.567164746239726,21.807,-1.6542946306249604,-0.0346086742808569,0.2063512668466068,32.20408054999999,60.90329718749998,47.79999999999996,2.2317015452272946,0.0431436151098422,0.1897267941021641,37.92309453125,66.32436095499997,51.7272727272727,4.873401408963647,0.0846830070109605,0.1588044440591616,45.44391884566881,70.00029316602176,57.54875247088098,A,A,A,A,A
Loxodonta_africana,20,exact,nonmonotone,all,attritional,0.0,naive,40,0,0.0,20.0,5.285443774347821,0.289096805731272,0.3452401019231752,18.48478636125,28.581585549999996,18.282608695652176,3.286723864674825,0.1507187538255984,0.1966571890273356,20.915266707530435,28.942469834936908,21.807,-4.874692685624959,-0.1019810185277188,0.1365527433958769,35.624621453749995,48.979854895,47.79999999999996,-3.038575867897704,-0.0587422399769328,0.1181805645362371,40.64902201874999,56.13337689624999,51.7272727272727,-0.4955023912202945,-0.0086101326257422,0.0991231156969796,48.463185371286855,64.6070625580699,57.54875247088098,B,B,A,A,A
Loxodonta_africana,20,interval2,constant,all,attritional,0.0,informed,40,0,0.0,20.0,-1.8200801681521788,-0.0995525418965519,0.3015876635687432,9.318062763749996,26.6707194375,18.282608695652176,-0.6237999964671508,-0.028605493486823,0.1971280123797239,14.572634708715343,27.974292595513752,21.807,0.1478966318750394,0.0030940717965489,0.1479377469257746,36.909701555,57.81693144749999,47.79999999999996,5.039587982102294,0.0974261297067227,0.162484985700973,47.01374573375001,64.54299903875,51.7272727272727,7.5629177754266435,0.1314175798902573,0.1576743744149298,60.03213032051715,69.24780917584579,57.54875247088098,A,A,A,A,B
Loxodonta_africana,20,interval2,constant,all,attritional,0.0,naive,40,0,0.0,20.0,-2.00754428440218,-0.1098062272086804,0.2697476542941132,9.514583117499996,23.250178533749988,18.282608695652176,-1.0968486565543922,-0.0502980078210846,0.187927619105601,14.855728375495556,26.68709259666881,21.807,-1.6067493837499582,-0.0336140038441414,0.148915246129851,33.07257372624999,55.55558894374999,47.79999999999996,3.390899945227294,0.0655534260061515,0.143030822228929,42.51551256749999,62.76978773624999,51.7272727272727,6.786879499859799,0.1179326954705731,0.1384553467537257,54.38168093595621,68.53050230766983,57.54875247088098,A,A,A,A,B
Loxodonta_africana,20,noisy,constant,all,attritional,0.0,informed,40,0,0.0,20.0,-1.6575207050271796,-0.0906610611548754,0.2779965967741167,10.395755026249995,23.91581198999999,18.282608695652176,-0.6578739726779039,-0.0301680181903931,0.18856524711659,15.612199014598309,27.354120291998083,21.807,-0.4774365674999586,-0.0099882127092041,0.1371146860906261,37.47933889375,57.88847572374999,47.79999999999996,4.5437589789772925,0.0878406832491217,0.1417539887702374,47.09887436625,64.70420006625,51.7272727272727,7.590437559318164,0.1318957793769524,0.1436816275021145,59.63200795305116,69.3553701086484,57.54875247088098,A,A,A,A,B
Loxodonta_africana,20,noisy,constant,all,attritional,0.0,naive,40,0,0.0,20.0,-1.7204615556521787,-0.0941037236147446,0.2704388307690055,10.643895933749995,24.032637453749995,18.282608695652176,-0.7802920056337836,-0.0357817217239319,0.1871994332466317,14.451851557424575,26.78034829114352,21.807,-0.8904009974999608,-0.0186276359309615,0.150986110612943,32.45946644749999,56.79810472874998,47.79999999999996,3.9541979177272935,0.0764431934885769,0.1520985253287263,41.18877377375,63.92717488874999,51.7272727272727,7.006641426131478,0.1217514042494102,0.1430786862797276,54.78232458275326,69.02412890075799,57.54875247088098,A,A,A,A,B
Loxodonta_africana,20,rounded,constant,all,attritional,0.0,informed,40,0,0.0,20.0,-3.2518713169021787,-0.1778669210196197,0.2689476622975612,10.313343265,21.0558521875,18.282608695652176,-1.81272605029448,-0.0831258793183143,0.1611000030874758,15.224425830168562,24.72870351084681,21.807,-1.3518162981249595,-0.0282806756929908,0.1123907132475489,37.88324708625,52.78890838749998,47.79999999999996,4.158868885227293,0.0803999257249565,0.1203890540260828,49.414554295,61.41135211124998,51.7272727272727,7.5401110200878545,0.1310212766802037,0.1387564417760651,60.80798241824589,67.97753054084781,57.54875247088098,A,A,A,A,B
Loxodonta_africana,20,rounded,constant,all,attritional,0.0,naive,40,0,0.0,20.0,-1.3437220756521793,-0.0734972835671822,0.2526034622263431,11.417298616249996,24.926488095,18.282608695652176,-0.3302456944981145,-0.0151440223092637,0.1768349839752337,16.386040431329974,28.01534689382177,21.807,0.3186067087500408,0.0066654123169464,0.1435435136886857,36.47771902624999,57.29166967249999,47.79999999999996,5.117018812727293,0.0989230350439371,0.1597696079934678,45.57652084249999,64.22331385499999,51.7272727272727,7.694318649828257,0.1337008765519547,0.1531145376200787,57.13929218418215,69.14555130409843,57.54875247088098,A,A,A,A,B
Loxodonta_africana,30,exact,constant,all,attritional,0.0,informed,70,0,0.0,30.0,-1.1563873342236073,-0.0632506746424327,0.1760520262630223,12.553856422499996,22.076490153749997,18.282608695652176,-0.0735199736404173,-0.0033713932975841,0.1061931321126445,18.48021292546535,25.640813340758942,21.807,0.9180002564286108,0.0192050262851173,0.0930444366755216,39.95621985,54.31307315875,47.79999999999996,5.834531572370151,0.1127941077259608,0.1409424520305659,48.7588827,62.47002627499999,51.7272727272727,8.21999927867831,0.1428354034752975,0.1530083142394788,60.71607921329545,68.42540849355075,57.54875247088098,A,A,A,B,B
Loxodonta_africana,30,exact,constant,all,attritional,0.0,naive,70,0,0.0,30.0,-1.9761062027950365,-0.1080866650755905,0.2531488846906611,10.714534586249997,25.448127374999995,18.282608695652176,-0.5755868765771712,-0.0263945924050612,0.1553035241904361,16.342191795220902,28.364223881499463,21.807,0.915671509642898,0.019156307733115,0.0947977182403873,40.44887917,55.82274794999999,47.79999999999996,6.229124777727293,0.1204224473725839,0.1382074438149428,50.83819482999999,63.08132230624999,51.7272727272727,8.720578665915276,0.1515337568842659,0.1544334467702356,62.86139300260963,68.65274011471577,57.54875247088098,A,A,A,B,B
Loxodonta_africana,50,exact,constant,all,attritional,0.0,informed,40,0,0.0,50.0,-2.5029204756521795,-0.1369017144827589,0.204606155300584,11.463485427499997,20.61209655,18.282608695652176,-1.0001110790407917,-0.0458619286944922,0.1236354095830136,17.352734595420316,24.771783541109578,21.807,0.6161041106250407,0.0128892073352519,0.1036337114011775,40.94153848999999,54.98414035749998,47.79999999999996,5.903553039602292,0.1141284418903783,0.1401402790485414,50.50854778499999,62.776127102499984,51.7272727272727,8.498122099521051,0.1476682244992366,0.1524874405796032,62.099650234900245,68.5287336375963,57.54875247088098,A,A,A,B,B
Loxodonta_africana,50,exact,constant,all,attritional,0.0,naive,40,0,0.0,50.0,-1.933283136902179,-0.1057443808531513,0.172214903089903,12.035839637499995,20.23445144625,18.282608695652176,-0.4187286518371307,-0.0192015706808424,0.0887976031510643,17.79095014874245,24.33476449404242,21.807,1.7010413631250398,0.0355866393959213,0.0670460684408771,44.4571698875,53.42284501249999,47.79999999999996,6.968113757727292,0.1347087018189811,0.1413494178286582,54.82837307249999,61.83065590749999,51.7272727272727,9.10547693990453,0.1582219691819001,0.1593937482220116,64.90872035338089,68.14480933766951,57.54875247088098,A,A,A,B,B
Loxodonta_africana,50,exact,constant,all,catastrophic,-0.05,informed,40,0,0.0,50.0,15.426165714972822,0.8437617394634362,0.9035767677436052,23.901322009999998,41.3816716325,18.282608695652176,12.248278695829056,0.5616672947140395,0.6101814640549242,25.71053495327972,40.80963891157788,21.807,2.008500626250039,0.0420188415533481,0.0880961552675388,45.2360063125,55.10639956374999,47.79999999999996,2.576744193977293,0.0498140353844468,0.0784768707073143,50.84725106749999,58.71712145499998,51.7272727272727,3.404678398570373,0.0591616369145986,0.0755496526758343,56.41114233286949,64.8588881014029,57.54875247088098,D,C,A,A,A
Loxodonta_africana,50,exact,constant,all,catastrophic,-0.05,naive,40,0,0.0,50.0,7.616972118722819,0.4166239208813909,0.4490812440550378,20.9073298925,30.324005644999996,18.282608695652176,6.451009620515374,0.2958228835014158,0.3163807113743794,23.974934690831173,31.899143547537427,21.807,4.708617836875038,0.0985066493070092,0.1259099732263429,46.05650142999999,57.0525850025,47.79999999999996,7.714347727727292,0.1491350175834803,0.1661171386940935,53.61845974249999,63.76416261374999,51.7272727272727,8.838725716287895,0.1535867475278493,0.1597712113038869,62.22375288050759,68.87187296860178,57.54875247088098,C,B,A,B,B
Loxodonta_africana,50,exact,constant,all,catastrophic,0.0,informed,40,0,0.0,50.0,7.0912575318478215,0.3878690207669438,0.7352555938926507,2.2170669400000005,42.60245244749999,18.282608695652176,5.224349259605016,0.2395721217776409,0.51141945449401,7.5771616326267965,42.18217145473355,21.807,-3.9391833518749584,-0.0824096935538695,0.2132677034688676,23.025583843749995,55.06111837624999,47.79999999999996,-1.7154595691477057,-0.0331635417585672,0.1561736931360504,35.41451674375,59.15182085499999,51.7272727272727,1.3210020867061774,0.0229544869347878,0.0980792941513513,50.577963801192375,66.14916383478793,57.54875247088098,C,B,A,A,A
Loxodonta_africana,50,exact,constant,all,catastrophic,0.0,naive,40,0,0.0,50.0,-4.488500547527179,-0.2455065697815103,0.2701857797513272,10.781550743749998,17.751231123749996,18.282608695652176,-4.3853757123087895,-0.2010994502824226,0.218686355387082,14.866295067207115,20.92978367600139,21.807,-10.211986256249958,-0.2136398798378654,0.2270876015885136,31.02858092249999,43.01994499625,47.79999999999996,-5.532663675397703,-0.1069583487335233,0.1363415589937471,38.08610680625,52.26817473124999,51.7272727272727,0.8093156540610259,0.0140631311594552,0.0709537790609201,51.05569987539816,63.05759424458204,57.54875247088098,A,A,A,A,A
Loxodonta_africana,50,exact,constant,all,catastrophic,0.05,informed,40,0,0.0,50.0,-1.6203901312771785,-0.0886301379771108,0.6123690828567224,0.0182124749999999,31.26494872124999,18.282608695652176,-3.199923913161852,-0.1467383827744234,0.4892041009114252,1.556940670465652,30.849765398819773,21.807,-15.519847054999955,-0.3246829927824262,0.4644520315408626,2.2913280875,52.89124387124998,47.79999999999996,-12.764522131022702,-0.2467658056963968,0.3840013953795279,7.917968446249998,59.67074326374999,51.7272727272727,-6.44660251541505,-0.112019848191791,0.2157091481474821,33.17777981199057,66.69251139955327,57.54875247088098,B,B,B,A,A
Loxodonta_africana,50,exact,constant,all,catastrophic,0.05,naive,40,0,0.0,50.0,-10.617762087527176,-0.580757498247622,0.5846092235887487,5.946425542499998,9.677595392499995,18.282608695652176,-11.196994327653702,-0.5134587209452791,0.5164054360062906,9.2303727481395,12.404461710387672,21.807,-23.817624664374957,-0.4982766666187235,0.5010909392713265,20.3567106525,28.03458880499999,47.79999999999996,-20.934153979772702,-0.4047024495210894,0.4097661378785294,25.73521010375,35.54402093999999,51.7272727272727,-13.529740902589008,-0.2351005073382764,0.2485331461567003,35.70731120767354,51.42831864863579,57.54875247088098,B,B,B,B,A
Loxodonta_africana,50,exact,constant,grouped,attritional,0.0,informed,40,0,0.0,50.0,-1.709594070652179,-0.093509307074911,0.1892034831669505,12.097422052499995,20.454518017499996,18.282608695652176,-0.4042923128008816,-0.0185395658642124,0.1067074173713617,18.580589593862754,24.87338208350825,21.807,0.9892210956250398,0.0206950020005238,0.0797388516215776,42.6604123675,54.74143319249999,47.79999999999996,6.153052382727293,0.1189518035325136,0.1351335457966671,51.64963371,62.56692801624999,51.7272727272727,8.598287316982773,0.1494087525413067,0.1528933902705873,62.64705959652392,68.43660727823891,57.54875247088098,A,A,A,B,B
Loxodonta_africana,50,exact,constant,grouped,attritional,0.0,naive,40,0,0.0,50.0,-1.8178161087771791,-0.09942870511742,0.1793157580351044,12.211530644999996,20.93902672375,18.282608695652176,-0.4819880949182624,-0.0221024485219545,0.1062157598926633,18.18446540718008,25.089219316449004,21.807,1.0426528968750397,0.0218128221103565,0.0876508805946955,41.48762961124999,55.30110867,47.79999999999996,6.228219153977293,0.1204049397078212,0.13854283097117,51.04014892624999,63.04056923749999,51.7272727272727,8.666324415580076,0.1505910040354939,0.1541646924836111,62.43575900482674,68.65945354851661,57.54875247088098,A,A,A,B,B
Loxodonta_africana,50,exact,constant,max_only,attritional,0.0,informed,40,0,0.0,50.0,40.401004680597815,2.20980525006837,2.218608013241258,52.71736411124999,62.61764294625,18.282608695652176,36.8357162521912,1.6891693608562026,1.697254192630559,52.671715930122346,62.56992554845665,21.807,11.055681888750035,0.2312904160826369,0.243364837339504,52.88037638624999,62.79876769624999,47.79999999999996,7.165539735227293,0.1385253727372588,0.1551892661861522,52.91660133625,62.83499264625,51.7272727272727,1.3893238687781355,0.0241416852516675,0.0673663969521373,52.95270528104222,62.88408569487163,57.54875247088098,D,D,B,B,A
Loxodonta_africana,50,exact,constant,max_only,attritional,0.0,naive,40,0,0.0,50.0,36.15181804559781,1.97738838299346,2.0890797748361325,44.63286089500001,62.58141799624999,18.282608695652176,32.91605379912074,1.509426046641938,1.5911585440707077,44.93165877096951,62.53865189016353,21.807,8.180779294375037,0.1711460103425741,0.2246022290071158,46.1742325175,62.76254274624999,47.79999999999996,4.956270597102293,0.0958154245485505,0.1348324502070848,46.87699654749999,62.79876769624999,51.7272727272727,-0.0565381186254079,-0.0009824386489353,0.0717726739718838,51.41258012355984,62.839783752148335,57.54875247088098,D,D,B,A,A
Loxodonta_africana,50,exact,constant,mixed,attritional,0.0,informed,40,0,0.0,50.0,-1.8508713756521795,-0.101236722092747,0.1850832592094734,11.455334813749996,20.81767314124999,18.282608695652176,-0.6906004505481704,-0.031668750884953,0.1016146567741903,17.603367707006804,24.51485979153299,21.807,-0.0794149293749589,-0.0016614001961288,0.0766913312074071,41.36627602875,52.32341777999999,47.79999999999996,5.105245703977293,0.0986954354020215,0.1204491065034414,51.06369514375,60.75296364499999,51.7272727272727,7.999169065787642,0.1389981315378666,0.1438161119463052,62.15990041918858,67.708044613369,57.54875247088098,A,A,A,A,B
Loxodonta_africana,50,exact,constant,mixed,attritional,0.0,naive,40,0,0.0,50.0,-2.328587903777179,-0.1273662824895959,0.2022640055737232,11.285077548749998,21.01691036625,18.282608695652176,-1.170204623103417,-0.0536618802725463,0.1242859570716814,16.821292672656366,24.47697597653116,21.807,-0.9343237493749582,-0.019546521953451,0.0971594646908144,39.52061482625,53.12761166999999,47.79999999999996,4.376218585227292,0.0846017652680144,0.1187571040661094,48.24992215249999,61.35701468624999,51.7272727272727,7.607044933744132,0.1321843586026163,0.1397592282034578,60.21935939796918,67.88877823101615,57.54875247088098,A,A,A,A,B
Loxodonta_africana,50,exact,juv_moderate,all,attritional,0.0,informed,40,0,0.0,50.0,2.6686439487228206,0.1459662564105228,0.3397954739345327,12.761244261249995,26.967764027499992,18.282608695652176,2.381108140622325,0.1091900830294091,0.2503892108877242,18.1473483430623,29.370577590079115,21.807,0.4603368256250396,0.0096304775235364,0.184038921584784,41.00040403375,56.90134583624999,47.79999999999996,4.120379875852295,0.07965584997254,0.202830071969859,46.4531646325,64.07479156,51.7272727272727,6.709824222379052,0.1165937389481057,0.1616473152342502,55.42088642124827,69.09722447885927,57.54875247088098,B,B,A,A,B
Loxodonta_africana,50,exact,juv_moderate,all,attritional,0.0,naive,40,0,0.0,50.0,7.6799129693478205,0.42006658334126,0.4404421523884013,21.49507970625,29.383062568749992,18.282608695652176,6.019686892168437,0.2760437883325738,0.2944180328528621,23.252846795864837,30.65383142533798,21.807,1.603686810000039,0.0335499332635991,0.0895793755345714,42.86327208749999,55.45325345999999,47.79999999999996,4.358558922102295,0.084260365805141,0.1170023966531787,48.53157113874999,61.98008382625,51.7272727272727,6.555849372965224,0.1139181840002945,0.126638093192142,58.28891039263625,67.98152520054278,57.54875247088098,C,B,A,A,B
Loxodonta_africana,50,exact,juv_severe,all,attritional,0.0,informed,40,0,0.0,50.0,2.8293921643478206,0.1547586677288938,0.3323703649033867,9.943848774999998,28.477438818749995,18.282608695652176,2.477095189241421,0.1135917452763526,0.2149368268143545,17.443463690058223,29.740165576921274,21.807,0.0912951475000394,0.0019099403242686,0.0804119116765944,41.71856366749999,53.23990901499999,47.79999999999996,4.148001400227294,0.0801898337478036,0.1040002007644942,50.57103582375,61.15687183749999,51.7272727272727,7.085202378707763,0.1231165242425158,0.1286987091513626,60.90815497579918,67.68130335995656,57.54875247088098,B,B,A,A,B
Loxodonta_africana,50,exact,juv_severe,all,attritional,0.0,naive,40,0,0.0,50.0,10.22245164747282,0.55913528630648,0.5718604701127411,25.5260110175,31.92695968249999,18.282608695652176,7.980041811012333,0.3659394603114749,0.3764752489985958,27.06465675342728,32.95018870998921,21.807,1.911146073125039,0.0399821354210259,0.0725372610002916,45.3157012025,53.981614866249984,47.79999999999996,4.008082530852294,0.07748489954196,0.0985247919951406,50.69963439624999,60.216834384999984,51.7272727272727,5.985996512356855,0.1040160951427348,0.1127640093180062,59.135736162370335,67.04144646181342,57.54875247088098,C,C,A,A,B
Loxodonta_africana,50,exact,monotone_logistic,all,attritional,0.0,informed,40,0,0.0,50.0,3.207037268097822,0.1754146424881091,0.3008148395900348,13.795466583749995,27.082778243749992,18.282608695652176,2.6814846892858526,0.1229644008477027,0.1943681947170444,19.38417620771076,28.58391104053956,21.807,-0.0436427912499588,-0.0009130291056476,0.0712660987160178,42.69029795125,52.03995754625,47.79999999999996,3.835108394602294,0.0741409355722763,0.0995338561188649,50.5791864375,60.02031403124999,51.7272727272727,6.738999634470645,0.1171007075762502,0.1248769708031123,59.98089925171509,67.35352448559632,57.54875247088098,B,B,A,A,B
Loxodonta_africana,50,exact,monotone_logistic,all,attritional,0.0,naive,40,0,0.0,50.0,9.03699015872282,0.4942943487529723,0.5143686385265229,24.0552780475,32.04559639375,18.282608695652176,6.924978015636734,0.317557573973345,0.3352389298550202,26.089531259027936,32.94103181902892,21.807,0.8388875531250406,0.0175499488101473,0.0781623158136385,43.43834316875,54.048631023749984,47.79999999999996,3.045857296477293,0.058883005731547,0.0963762277262658,48.51979802999999,60.73847366499999,51.7272727272727,5.263215284768245,0.0914566356139757,0.1078122510196788,56.90386664465776,67.3931806465653,57.54875247088098,C,B,A,A,A
Loxodonta_africana,50,exact,nonmonotone,all,attritional,0.0,informed,40,0,0.0,50.0,0.9506756949728216,0.0519989084051721,0.2041226373534728,13.304618511249997,24.93554433249999,18.282608695652176,1.8114434076139256,0.0830670613845978,0.1601461188993301,18.14416565136284,28.202268666029973,21.807,4.124037706250038,0.0862769394612979,0.1433407061567172,41.36627602875,59.032278519999984,47.79999999999996,8.271759145852291,0.1599109852449477,0.1859055439404295,51.60435252249999,65.38613474999998,51.7272727272727,9.42122919190057,0.1637086606989023,0.1726500387480899,63.1334832326899,69.63965624019919,57.54875247088098,A,A,A,B,B
Loxodonta_africana,50,exact,nonmonotone,all,attritional,0.0,naive,40,0,0.0,50.0,4.89693118559782,0.2678464144322232,0.2956736593592288,19.77982832375,26.27767873,18.282608695652176,2.9541376587149344,0.1354674030685071,0.1584854000716,21.92302033029529,27.39064723389672,21.807,-4.991518149374959,-0.1044250658865055,0.1233574327140782,37.98558257,47.86503205874999,47.79999999999996,-2.906807612272704,-0.0561948747539538,0.0974358751622868,42.39144211375,55.36178546125,51.7272727272727,0.1185603486367513,0.0020601723503344,0.0821368768393369,50.348537939104446,64.66202566049732,57.54875247088098,B,B,A,A,A
Loxodonta_africana,50,interval2,constant,all,attritional,0.0,informed,40,0,0.0,50.0,-1.7553280700271792,-0.0960108100133772,0.1660993129023797,12.151759477499995,20.7117151625,18.282608695652176,-0.1814500571311273,-0.0083207253235716,0.0859199390096844,18.17940982042449,24.637155761373503,21.807,2.3625995125000387,0.0494267680439339,0.0850305794609966,43.69372906624999,55.22594189875,47.79999999999996,7.422736880227293,0.1434975495298774,0.1540878488172999,53.36760196374999,63.19543089874999,51.7272727272727,9.27959842445636,0.1612476035714541,0.163435833310681,63.85826906638501,68.74621596850481,57.54875247088098,A,A,A,B,B
Loxodonta_africana,50,interval2,constant,all,attritional,0.0,naive,40,0,0.0,50.0,-1.9346415725271795,-0.1058186829206304,0.165170264555625,12.856334754999995,19.45742626875,18.282608695652176,-0.7601623452176796,-0.0348586392084046,0.1008276616353221,17.668863517404976,23.954507820670663,21.807,-0.0083234649999591,-0.0001741310669447,0.0868715117050399,40.33386495375,54.43895485999999,47.79999999999996,5.227504910227293,0.1010589701449916,0.124913602228497,48.62032226625,62.42836758249999,51.7272727272727,8.115049017772357,0.1410117277846896,0.145733592890012,60.33086540639272,68.3899602749206,57.54875247088098,A,A,A,B,B
Loxodonta_africana,50,noisy,constant,all,attritional,0.0,informed,40,0,0.0,50.0,-1.6797084869021788,-0.0918746615903688,0.1760045761874782,12.619966956249996,21.0051372575,18.282608695652176,-0.3929782789242615,-0.0180207400799863,0.1070574630666358,17.772358376025302,24.588681627185583,21.807,1.059859748125041,0.0221727980779297,0.0888692251924892,42.44396829125,54.59472214499999,47.79999999999996,6.211917926477293,0.1200898017420918,0.1381038705280143,51.61340875999999,62.57326738249999,51.7272727272727,8.659795818904112,0.1504775594099259,0.1537283626282744,62.7065200897884,68.4599888197546,57.54875247088098,A,A,A,B,B
Loxodonta_africana,50,noisy,constant,all,attritional,0.0,naive,40,0,0.0,50.0,-1.5610717756521792,-0.0853856143638528,0.17111664769833,13.014818911249998,22.841742222499995,18.282608695652176,-0.0210982777790326,-0.0009675002420797,0.0995756705719944,18.7479116025534,26.115394856982583,21.807,2.6388147562500404,0.0552053296286619,0.0895600945976112,44.79677879374999,55.57279579499999,47.79999999999996,7.694424005227293,0.1487498489586999,0.1575404913469765,54.69705762874999,63.18365778999999,51.7272727272727,9.446248644281004,0.1641434129968447,0.1656929618609352,64.69963028183574,68.71575831162987,57.54875247088098,A,A,A,B,B
Loxodonta_africana,50,rounded,constant,all,attritional,0.0,informed,40,0,0.0,50.0,-1.903397553152179,-0.104109735368609,0.2099693997707678,11.318585627499996,22.21595621125,18.282608695652176,-0.5541286742846783,-0.0254105871639692,0.1215068665487173,17.698259020457268,25.574294077620863,21.807,0.8302841275000408,0.0173699608263607,0.0886494137503172,41.58543697625,54.69162388624999,47.79999999999996,6.018114443977292,0.1163431614828651,0.1366821559672212,50.73948184124999,62.59953047124999,51.7272727272727,8.521136530810082,0.1480681364052449,0.1523860846021173,62.06490744936418,68.41616359821519,57.54875247088098,A,A,A,B,B
Loxodonta_africana,50,rounded,constant,all,attritional,0.0,naive,40,0,0.0,50.0,-1.6249182500271793,-0.0888778115353748,0.1592140880914104,12.111912032499998,20.31958007875,18.282608695652176,-0.2790289432612763,-0.0127953842005446,0.0915564365994373,18.4273965360108,24.417728077891592,21.807,1.475088237500041,0.0308595865585782,0.075683836512043,44.07771353625,54.4298986225,47.79999999999996,6.666993860852292,0.1288874032853695,0.1390485684693056,54.24334012999999,62.56058864999999,51.7272727272727,8.937103026601068,0.1552962078738916,0.1569846487988201,64.35824016644683,68.4322653892664,57.54875247088098,A,A,A,B,B
Loxodonta_africana,100,exact,constant,all,attritional,0.0,informed,40,0,0.0,100.0,-1.491791558777179,-0.081596208922414,0.1407369347611975,14.194846657499996,21.0123822475,18.282608695652176,-0.1129154452680108,-0.0051779449382313,0.079227962580732,19.306850151779106,24.60724116908313,21.807,1.94103165687504,0.0406073568383899,0.0751885466145847,45.3120787075,54.593816521249984,47.79999999999996,7.069543617727293,0.1366695602724082,0.1447228694922482,54.91621857624999,62.63937791624999,51.7272727272727,9.13985372468566,0.1588193198333939,0.1601682342634046,64.73992007064248,68.4908029866915,57.54875247088098,A,A,A,B,B
Loxodonta_africana,100,exact,constant,all,attritional,0.0,naive,40,0,0.0,100.0,-1.6932928431521794,-0.0926176822651608,0.1448748713769518,13.927687651249997,20.40199184,18.282608695652176,-0.1056575496620182,-0.0048451208172613,0.0754235269250953,19.433733492380107,24.498185499943737,21.807,2.6437956868750403,0.0553095331982226,0.0781847539877862,46.62070502625,54.54038472,47.79999999999996,7.765062657727293,0.1501154468101938,0.1553151941845247,56.42589336749999,62.27622279249999,51.7272727272727,9.504110657871516,0.1651488564010226,0.1660046029701814,65.55911027190798,68.35006694441016,57.54875247088098,A,A,A,B,B
Lycaon_pictus,30,exact,constant,all,attritional,0.0,informed,30,0,0.0,30.0,0.6749124741704459,0.3404152509826533,0.3796427464905724,2.132240645,3.1448651400000003,1.982615268329554,-0.014785471790749,-0.0044407947918171,0.091498104270797,2.907219336953529,3.7849467983919713,3.329465216,1.3171835391198068,0.2264272145166256,0.2657768533895467,5.801660387499999,8.412915994999999,5.817249229213526,2.0526418994892417,0.3115542137145318,0.3442081231693094,7.005140248749999,10.02688511125,6.58839395884409,1.9950217380401896,0.2330331481338202,0.2514742618453227,9.002322156557014,11.54235279176087,8.561107095779093,B,A,B,B,B
Lycaon_pictus,30,exact,constant,all,attritional,0.0,naive,30,0,0.0,30.0,0.4995005275037792,0.2519402203154783,0.3172524017968753,1.8770289125,3.0784531649999995,1.982615268329554,-0.1136111116613269,-0.034122930948598,0.1034189047131556,2.760244346118462,3.7411910726678688,3.329465216,1.359771535786473,0.233748199915153,0.2676411877497748,6.147160781249999,8.650417867499998,5.817249229213526,2.189682482822576,0.3323545156074345,0.3560797637598709,7.496588863749999,10.26849820125,6.58839395884409,2.1678585067082308,0.2532217483620846,0.2634305262691969,9.558056055393097,11.654539041329732,8.561107095779093,A,A,B,B,B
Mandrillus_sphinx,30,exact,constant,all,attritional,0.0,informed,30,0,0.0,30.0,1.20106768272,0.5719369911504687,0.649453214836118,2.35076369875,4.618412061249999,2.10000000228,0.026703687753166,0.0053595429627699,0.1718570172397888,3.876816491146587,6.641613005429261,4.982456141999999,-1.5819112475000006,-0.1146312498188406,0.2077589793558124,9.264755275,16.943853564999994,13.8,-2.415340667500001,-0.1319858288251366,0.2038056574050676,12.47468161,21.1506826825,18.3,-0.6169114414874662,-0.02788129896109,0.1142016501313947,17.77260356669095,25.41461929635537,22.12635223159442,B,A,A,A,A
Mandrillus_sphinx,30,exact,constant,all,attritional,0.0,naive,30,0,0.0,30.0,1.0671410652200002,0.5081624114578048,0.6081950840476668,2.0359522937500003,4.265147664999999,2.10000000228,-0.0895316596986522,-0.0179693823983593,0.175957705713294,3.17980667086483,6.090382202518025,4.982456141999999,-1.7757334900000017,-0.1286763398550725,0.2026292285977234,7.866432013749999,14.767486134999997,13.8,-2.515486152500001,-0.1374582596994536,0.1984651199983443,10.745375125,19.05517434625,18.3,-0.5592861884913257,-0.0252769269257458,0.1125662026016074,16.789890005022063,24.24482849969135,22.12635223159442,B,A,A,A,A
Marmota_baibacina,30,exact,constant,all,attritional,0.0,informed,30,0,0.0,30.0,2.1474794391666667,4.2949588783333335,4.4697273097328125,1.2025887862499998,3.26515634,0.0,-0.0502858052117462,-0.0146205424818961,0.1709327001083132,2.462143141087727,4.4015276784414255,3.43939394,1.1284422680062498,0.1454490570633204,0.210863043944326,6.649236817499999,10.6843275775,7.758333335327083,1.8357896765500032,0.2035995940816181,0.2305136669900696,8.7557915525,12.15073945125,9.016666682616664,2.412546425814529,0.2379269953265659,0.2427870623927637,11.48438984117949,13.142854790614418,10.13986001253534,D,A,B,B,B
Marmota_baibacina,30,exact,constant,all,attritional,0.0,naive,30,0,0.0,30.0,2.1822091875000003,4.3644183750000005,4.53322707220651,1.288320665,3.14181973375,0.0,-0.0653681529180339,-0.0190057184662115,0.1892489687825436,2.2953850414732235,4.245501441220234,3.43939394,0.9730783938395828,0.1254236382714741,0.2252666069583505,6.07326349125,10.386594734999996,7.758333335327083,1.6493760273833369,0.1829252522512768,0.2357841148514752,8.2182854475,11.957023355,9.016666682616664,2.2830777609213952,0.2251587061457411,0.2385137449720575,11.113323007043777,13.061185769474536,10.13986001253534,D,A,B,B,B
Marmota_flaviventris,30,exact,constant,all,attritional,0.0,informed,30,0,0.0,30.0,1.1095275754501488,2.2190551509002976,2.3077180883752337,0.91388503375,1.9086296274999996,0.1580188695498509,-0.0312253852160291,-0.0166177093166675,0.2461070185437579,1.379128257346497,2.8481660492482206,1.87904269,0.5510726025076256,0.1475074229058751,0.3515758919635871,2.9086641925000003,6.73837337875,3.7358974324923744,0.1985377017822466,0.036687848136553,0.3079195777028043,3.59912044,8.902201618749999,5.411538475717753,-0.3015482832008892,-0.034975791102877,0.2870426014708251,5.197063788262296,13.079656465161529,8.621628666351585,B,A,B,A,A
Marmota_flaviventris,30,exact,constant,all,attritional,0.0,naive,30,0,0.0,30.0,1.052641217950149,2.105282435900298,2.180726884864071,0.7676058287499999,1.68162086125,0.1580188695498509,-0.0809207591499776,-0.0430648859552933,0.2207026952096092,1.285967578275789,2.425356851013025,1.87904269,0.4701130425076257,0.1258367101888002,0.3033605933765341,2.790214836250001,5.856098173749999,3.7358974324923744,0.1270847567822466,0.0234840345961673,0.2646676031339045,3.50712094,7.836387411249998,5.411538475717753,-0.26515820494291,-0.0307550017756815,0.2565603679198736,4.800335681108495,11.730231394925136,8.621628666351585,B,A,A,A,A
Marmota_marmota,30,exact,constant,all,attritional,0.0,informed,30,0,0.0,30.0,0.4110024677320624,0.1883969405133802,0.3241637208163966,1.6317835287500002,3.525680091249999,2.181577188101271,-0.127198277220663,-0.0313664535358621,0.160230762458239,2.7962723861478542,4.790404038183254,4.055232992,0.7328318362798315,0.0815569443510189,0.201521363698367,6.721599993749999,12.457785027499996,8.985523453720168,1.2382938836401287,0.1104500704188806,0.1980633772291296,9.10815403625,15.264173172499998,11.211345352193204,2.765658064631873,0.2096011951556543,0.2341121769118516,13.435956870071696,17.749527709551266,13.19485827634731,A,A,A,B,B
Marmota_marmota,30,exact,constant,all,attritional,0.0,naive,30,0,0.0,30.0,0.4404902335653957,0.201913659515653,0.3403051839634982,1.76667783875,3.5339887987499994,2.181577188101271,-0.037824240223847,-0.0093272668422419,0.1448383424271475,3.1495974703035388,4.874384137469549,4.055232992,1.0444898254464985,0.1162413999391499,0.1827372111268989,8.06321188125,12.25910916875,8.985523453720168,1.6810991186401292,0.1499462433659905,0.1892269997160816,10.85151636875,14.996095168749996,11.211345352193204,3.1927128528802244,0.2419664376845473,0.2495972686797223,15.085559265617286,17.595580482891066,13.19485827634731,A,A,B,B,B
Mirounga_angustirostris,30,exact,constant,all,attritional,0.0,informed,30,0,0.0,30.0,1.4173933948923043,2.8347867897846086,3.0600323547881327,1.09479523625,3.031589163749999,0.3958472501076957,-0.0554518942026148,-0.0174959027384109,0.2813048325131645,2.2051825156550784,4.824026943897445,3.169421723,0.0423779251398527,0.0053994186276261,0.3101002771500341,4.91184643,11.843703972499997,7.84860890819348,-0.6361038680734896,-0.0558256149114647,0.2884557741184904,6.268065052499999,15.559914922499996,11.394480277240156,-0.7552451714978662,-0.0449386214718612,0.238821502646915,9.1211106227188,20.95300543399865,16.80614907092268,B,A,A,A,A
Mirounga_angustirostris,30,exact,constant,all,attritional,0.0,naive,30,0,0.0,30.0,1.2794130832256376,2.5588261664512757,2.751420192950091,0.9833750325,2.55086223125,0.3958472501076957,-0.2275782934993682,-0.071804358456897,0.2611765067169407,1.7884360575823717,4.102882551028382,3.169421723,-0.3607626340268138,-0.0459651688912922,0.2773273801506023,4.462859377499999,10.924569947499998,7.84860890819348,-1.0994179497401562,-0.0964868886504795,0.2728342440394777,6.099777563749999,15.001822032499998,11.394480277240156,-1.1324171360024278,-0.0673811193286206,0.2225987943464966,9.942968536514517,20.81674001963488,16.80614907092268,B,A,A,A,A
Odocoileus_virginianus,30,exact,constant,all,attritional,0.0,informed,30,0,0.0,30.0,1.6203846725000006,3.240769345000001,3.3587110850937663,1.0482911862500002,2.3340137249999997,0.0,0.0218357734955832,0.007725905440065,0.2254972622746807,1.737597753995612,3.957871492516613,2.826306077,-0.1260972251909687,-0.0168435249949759,0.2303468869699002,4.2497894700000005,9.967360598749998,7.486391668524302,0.1738640087157033,0.0176304995252272,0.2244172177359751,5.88999779625,13.05009320625,9.861547511284297,1.9173154680322488,0.1526810218915183,0.2393011023768541,9.66944114669946,17.08166617288204,12.55765414901744,D,A,A,A,B
Odocoileus_virginianus,30,exact,constant,all,attritional,0.0,naive,30,0,0.0,30.0,1.603307255,3.20661451,3.343542871424991,1.0242275525,2.43647823,0.0,0.0040003823929114,0.0014154101799043,0.2419967776624908,1.8893987795181704,4.113411541875312,2.826306077,-0.1609420568576353,-0.021497947740872,0.2470238364669565,4.77142695,10.9301646975,7.486391668524302,0.1262542387157034,0.0128026801646733,0.2302798912438433,6.6318304625,14.246547426249998,9.861547511284297,1.8987627996004488,0.1512036226725527,0.2287452412547289,10.78960807454746,17.834776285029548,12.55765414901744,D,A,A,A,B
Orcinus_orca,30,exact,constant,all,attritional,0.0,informed,30,0,0.0,30.0,-11.884469481992102,-0.2286302424600214,0.2636553284624893,30.35772786625,52.45847862249999,51.9811786669921,-3.733788488710164,-0.0782038237188316,0.1296067998500166,36.85428925713287,53.26365563694115,47.744321328,8.502906921489066,0.1086727363507033,0.1166085520867608,81.0645287875,91.08606483625,78.24323935351093,7.00371607355228,0.0796475077760982,0.0848029813206146,90.38491050625,97.7431066,87.93390112394772,11.454692742710344,0.1283947911830248,0.1293063034132221,98.32424668094872,101.92295303649487,89.21462184849732,A,A,B,A,B
Orcinus_orca,30,exact,constant,all,attritional,0.0,naive,30,0,0.0,30.0,-10.9391320519921,-0.2104440940454937,0.2449847008553226,30.9947841325,50.70428467375,51.9811786669921,-3.070913107814792,-0.0643199656503198,0.1159378901138403,37.758852133332326,51.69599119612015,47.744321328,9.177898776489064,0.1172995756863079,0.1243550299118331,81.90041986374999,92.21628375625,78.24323935351093,7.502547263552282,0.0853203049979213,0.0888762486539713,90.85583505625,98.29775107,87.93390112394772,11.726903853081824,0.1314459850874696,0.1319049103944254,98.71414517454606,102.14036575464972,89.21462184849732,A,A,B,A,B
Oreamnos_americanus,30,exact,constant,all,attritional,0.0,informed,30,30,1.0,,,,,,,,,,,,,,,,,,,,,,,,,,,,,,,,D,D,D,D,D
Oreamnos_americanus,30,exact,constant,all,attritional,0.0,naive,30,30,1.0,,,,,,,,,,,,,,,,,,,,,,,,,,,,,,,,D,D,D,D,D
Otaria_byronia,30,exact,constant,all,attritional,0.0,informed,30,0,0.0,30.0,-0.1555747526461153,-0.0272200654793408,0.2762567185358585,3.5053729975000003,8.3351247375,5.715443732646115,-0.6686314327609,-0.0787578990218747,0.1635378666359831,6.1084248441191615,9.85976913462224,8.489706316,1.887422935296642,0.1076614612524762,0.1406590428641567,16.5993959925,21.5719771925,17.53109156553669,3.6218583906551305,0.1910012152574272,0.1985176929030312,20.6700356025,23.90783398625,18.96248872434487,4.153381784942737,0.2002962708501648,0.2013955594779721,24.064095038472253,25.440951007275736,20.736191279615724,A,A,B,B,B
Otaria_byronia,30,exact,constant,all,attritional,0.0,naive,30,0,0.0,30.0,0.0965809606872179,0.0168982436368948,0.2693425039952687,3.4511507025,7.971107988749998,5.715443732646115,-0.4999268123386,-0.0588862315998399,0.1543484896519598,5.888307864599932,9.63630921329738,8.489706316,1.9998350102966416,0.1140736161704839,0.1482819226956563,16.32332516125,21.59280648875,17.53109156553669,3.669027378988465,0.1934887045853853,0.2022622079917113,20.46471825375,23.92833265875,18.96248872434487,4.168924234905548,0.2010458033825971,0.2023962905148134,23.97163033347527,25.450868801244376,20.736191279615724,A,A,B,B,B
Ovis aries,30,exact,constant,all,attritional,0.0,informed,30,0,0.0,30.0,1.8100007572569567,3.6200015145139135,3.816758353224576,1.44932212375,3.31231199875,0.4417870052430436,-0.0036522561104044,-0.0009476578684642,0.1793398260645593,2.805817331002797,4.99075672568747,3.853981729,0.9781389387260836,0.1043641555448632,0.2095546288213013,7.6309985275,12.92257976875,9.372364808773916,1.9069982254829951,0.1689750884307334,0.2200187519081886,10.5335827525,15.348376585,11.285676742017005,2.391821824513555,0.1746660607819552,0.1861233363167171,14.5765621452478,17.163714095867743,13.69368390061416,D,A,B,B,B
Ovis aries,30,exact,constant,all,attritional,0.0,naive,30,0,0.0,30.0,1.811227417256956,3.622454834513912,3.793311611731227,1.41758229625,3.1370529512500003,0.4417870052430436,-0.0847037478307236,-0.0219782432265712,0.1703576155646366,2.714056016698594,4.677443934253497,3.853981729,0.6006343237260836,0.0640856748516448,0.1862976583863694,7.2712804825,11.9476150675,9.372364808773916,1.5081803929829956,0.1336366819162897,0.1967659529187543,9.91649610625,14.57167080625,11.285676742017005,2.148114468315718,0.1568689977004198,0.1719769545196195,14.021175289000736,16.81911911564773,13.69368390061416,D,A,A,B,B
Ovis_canadensis,30,exact,constant,all,attritional,0.0,informed,30,0,0.0,30.0,1.9599034298324525,2.2225304894300035,2.405600284617325,1.6359678875,4.06331983375,0.8818342151675477,-0.2578920032678116,-0.0516468102417582,0.2044652235547419,3.012038913967717,6.126996261409229,4.993377172000001,0.5721715767083048,0.0478688207270123,0.2166924880783366,7.844503393749999,15.96001810875,11.952907299958362,2.333508024971762,0.1710467729068098,0.2528799297848934,10.8876776625,19.06787959625,13.642514180861571,3.8462711620217815,0.2422487760153335,0.2625093762451772,16.188034611957853,21.40562941929205,15.877360560031583,D,A,A,B,B
Ovis_canadensis,30,exact,constant,all,attritional,0.0,naive,30,0,0.0,30.0,2.0545863514991187,2.329900922600004,2.464896932574546,2.0005163025000003,4.177169338749999,0.8818342151675477,-0.1088144908725178,-0.0217917627938636,0.1604799020105548,3.5123348868280617,6.036229754317558,4.993377172000001,1.0026530383749714,0.083883612012825,0.1841546072933787,9.11122288625,15.2680086175,11.952907299958362,2.828389206638429,0.2073216981226407,0.2519349145113283,12.41314603,18.5040945475,13.642514180861571,4.189638609478437,0.2638750057755256,0.2740735958529864,17.517334321588255,21.14812629948264,15.877360560031583,D,A,A,B,B
Pan_troglodytes,30,exact,constant,all,attritional,0.0,informed,30,0,0.0,30.0,-0.482570835400746,-0.0529865144055482,0.2764841641563508,5.497436463749998,12.418010717499996,9.107427442900743,-1.3852115580325497,-0.0898198882766933,0.1938131824714251,10.369798697365493,17.651290318437166,15.422102884,-0.0422543559320891,-0.0011440387816845,0.1649041855031555,27.133387867499994,45.27403469874999,36.934373736765416,2.944102965059723,0.0674398714501171,0.1477299833333187,36.61385814625,53.72491157624999,43.655228009106935,5.969287448899533,0.1182516577248172,0.1351835596444573,50.4640638482016,60.07178121881451,50.47952446290968,A,A,A,A,B
Pan_troglodytes,30,exact,constant,all,attritional,0.0,naive,30,0,0.0,30.0,0.1764548079325871,0.0193748244538729,0.2919245445185326,5.836340937499998,14.486052506249989,9.107427442900743,-0.979246527563586,-0.0634963036447854,0.1773920295421809,11.348758655891215,19.106208527477207,15.422102884,0.0457588407345792,0.001238922881452,0.1441186242271739,28.122731331249994,44.67028563624999,36.934373736765416,2.8872163867263896,0.0661367840324665,0.132452022716147,36.71448299,52.90542284874999,43.655228009106935,5.914945609960014,0.117175145227568,0.1305696311288065,49.8754048902158,59.66779160095251,50.47952446290968,A,A,A,A,B
Panthera_leo,30,exact,constant,all,attritional,0.0,informed,30,0,0.0,30.0,1.83840492,3.6768098399999993,3.868655073242912,1.05244580875,3.02549177875,0.0,-0.3713388640425496,-0.0965018085723327,0.2494455680069775,2.264846444393792,5.018686285000354,3.8479990120000007,-2.152958457210948,-0.1849980510815586,0.2836446376202265,6.050883557499999,13.737132129999996,11.637735882210947,-0.7820221054637934,-0.05771100850259,0.2163892991631928,8.67423717625,17.081805572499995,13.550657417963793,1.5522962852519917,0.0994764837681887,0.1756946214204194,13.914898060763358,19.879670937234195,15.604655758333063,D,A,A,A,A
Panthera_leo,30,exact,constant,all,attritional,0.0,naive,30,0,0.0,30.0,1.9103275075,3.820655015,4.0266027818776085,1.01639347375,2.944374025,0.0,-0.2239932023150416,-0.0582103066078026,0.2424464011006321,2.0595961336085598,5.04089129974057,3.8479990120000007,-1.6769948022109475,-0.1440997475096805,0.2580104777069067,5.409315868749999,13.546491752499998,11.637735882210947,-0.2075518179637935,-0.0153167342042495,0.2066506365198665,7.743977683749999,16.870680913749997,13.550657417963793,1.983108968611752,0.1270844419334754,0.1866359821548249,12.815206334132537,19.769816387162987,15.604655758333063,D,A,A,A,B
Panthera_pardus,30,exact,constant,all,attritional,0.0,informed,30,0,0.0,30.0,2.7459041,5.4918082,5.89467018385976,1.56100223125,4.686084178749998,0.0,-1.06950856195703,-0.1797028467222275,0.2576486433387784,3.4908003501797635,6.664584532794646,5.951539341,-2.2883970256617827,-0.1446575295946885,0.2100081711256827,10.029750347499998,16.77017137375,15.819411765661782,0.3363077206979606,0.0204198550915094,0.1239459292457833,13.81824988375,19.16765165125,16.46964286430204,2.2754449424110934,0.1306234967537768,0.1438365016977218,18.230210649653483,20.782384442294557,17.41987467002411,D,A,A,A,B
Panthera_pardus,30,exact,constant,all,attritional,0.0,naive,30,0,0.0,30.0,2.748635337499999,5.497270674999998,5.797988643217391,1.48125009625,4.441092174999999,0.0,-1.078565611655125,-0.1812246462398248,0.2454723395257408,3.380796858135646,6.440293344501891,5.951539341,-2.3346459806617825,-0.147581086784115,0.205119614258859,9.8352862375,16.392441227499994,15.819411765661782,0.3015299631979612,0.0183082271839377,0.1195978754064676,13.60248212125,18.94095893875,16.46964286430204,2.25609259231182,0.1295125616600488,0.1427221215610907,18.081526614661968,20.68891026447364,17.41987467002411,D,A,A,A,B
Papio_cynocephalus,30,exact,constant,all,attritional,0.0,informed,30,0,0.0,30.0,0.1472002638472482,0.021994168313785,0.2221162820562038,4.767295194999998,8.937987242499995,6.692695161152749,-0.0049223347154086,-0.0005209423939078,0.1303167868792216,7.325963791029231,11.074196808392696,9.448904087999995,2.4841196613638865,0.1208428140595449,0.1570111438777769,18.648269586249995,25.39173364374999,20.556618783636107,3.533691280618162,0.1506823210712316,0.1656556946259145,23.407012307499997,28.588378716249988,23.45126658188183,4.740496878763,0.1872833570536182,0.1897894420294195,28.29904953777589,30.75985821411576,25.311896120090488,A,A,B,B,B
Papio_cynocephalus,30,exact,constant,all,attritional,0.0,naive,30,0,0.0,30.0,-0.5174593386527516,-0.0773170338993333,0.1648608063831183,4.516135974999998,7.618998838749997,6.692695161152749,-0.5239566098368991,-0.0554515745907843,0.108482961546909,7.523641946363635,10.197056104558962,9.448904087999995,1.8414633238638864,0.0895800687479676,0.1246211232337261,19.756751143749995,24.60364109124999,20.556618783636107,3.116970908118164,0.1329126892671246,0.1450299818527484,24.276007108749997,28.16857251999999,23.45126658188183,4.567336214457681,0.1804422787130715,0.182141788867532,28.751066853116527,30.591077154630533,25.311896120090488,A,A,A,B,B
Papio_ursinus,30,exact,constant,all,attritional,0.0,informed,30,0,0.0,30.0,2.128244376980675,1.0113136000669354,1.1493814088557543,2.294917325,5.726678347499999,2.1044356338526584,-0.1227286147404806,-0.017646781392301,0.1858360176663689,4.689077751553749,8.322026409975281,6.954730838,1.084498136008493,0.0640868536043945,0.1912619142589028,13.1194286225,21.015244715,16.92231830732484,2.227922114815616,0.1104698091177145,0.1853323585831617,18.04730589125,24.93250536375,20.16770131685105,3.8311501085420816,0.1687287886857967,0.1913042640858364,24.279985827109584,27.88562853221381,22.705965818769503,D,A,A,B,B
Papio_ursinus,30,exact,constant,all,attritional,0.0,naive,30,0,0.0,30.0,1.9625490978140083,0.9325773933133348,1.0717672722209162,2.540096505,5.893744038749998,2.1044356338526584,-0.2885478318593756,-0.0414894319536821,0.1771110691083825,4.998237676510086,8.477976930828621,6.954730838,0.7386559593418264,0.0436498088457595,0.1673653643450163,13.4916823775,21.15988548125,16.92231830732484,1.9976928848156157,0.0990540693473306,0.1598113887496833,18.26594891,24.99380015875,20.16770131685105,3.7971174283307296,0.1672299455851336,0.1793851812481172,24.414870197542022,27.9062596246233,22.705965818769503,D,A,A,A,B
Propithecus_diadema,30,exact,constant,all,attritional,0.0,informed,30,0,0.0,30.0,1.665235605,3.33047121,3.394232502268152,1.14752212375,2.1403848875,0.0,-0.4594491489669617,-0.1222752226126312,0.2159182351399529,2.3703519276137124,4.294419419998105,3.7575,-2.0877261008823584,-0.188449612646018,0.2700216820978732,5.99621829625,12.599404703749991,11.078431372549025,-5.590647232941179,-0.3099163140000001,0.3442243286226407,8.330909878749999,16.809336021249994,18.039215686274517,-1.1906819075683626,-0.0629287646527933,0.1451026800671531,13.358634635711873,20.97836743926361,18.92110728913713,D,A,A,A,A
Propithecus_diadema,30,exact,constant,all,attritional,0.0,naive,30,0,0.0,30.0,1.9117658341666668,3.8235316683333336,3.942457723149807,1.225707425,2.64179718625,0.0,-0.0262691341272831,-0.006991120193555,0.1989486544176161,2.6141351734588767,4.910234157871684,3.7575,-0.8095926433823581,-0.0730782740044252,0.2115220871280935,6.863803453749999,13.74893994375,11.078431372549025,-4.038009912107848,-0.2238462016494567,0.2663797512754329,9.75575397875,17.735484686249997,18.039215686274517,0.0753488658023952,0.0039822651312618,0.1099214206923286,15.512196450748617,21.43481865098566,18.92110728913713,D,A,A,A,A
Propithecus_verreauxi,30,exact,constant,all,attritional,0.0,informed,30,0,0.0,30.0,1.5253269151891609,0.1618252709991905,0.2354097155796732,8.591944278749999,13.2513733275,9.42576462731084,-0.2851044346669656,-0.021983909998379,0.1198245750952441,10.56681033958906,14.727572705635222,12.968777378000002,1.1479797306442057,0.0473050683899986,0.1303473033872457,21.16500679125,30.229787394999995,24.26758420852246,0.538025936623683,0.0183712852301374,0.1055231483666953,25.12056571375,34.52797359125,29.28624371587632,2.6510914829399583,0.0818517146694186,0.1060466117386821,31.43462185765098,37.900727089596266,32.388954753692595,B,A,A,A,A
Propithecus_verreauxi,30,exact,constant,all,attritional,0.0,naive,30,0,0.0,30.0,1.7202035143558272,0.1825001559418951,0.2295422499371623,9.3068831275,13.4304853825,9.42576462731084,-0.2141471561277836,-0.0165125169386482,0.0949814440405967,10.777401033196506,14.838074782009487,12.968777378000002,0.7763389873108725,0.0319907816385873,0.1092847281150255,20.66288928875,28.51312916,24.26758420852246,0.035908434123683,0.0012261194870893,0.0952977839907211,24.55404837125,33.243498657500005,29.28624371587632,2.232441785014879,0.0689260212931188,0.0946382879900034,30.90999614053021,37.325351020490125,32.388954753692595,B,A,A,A,A
Rucervus_eldii,30,exact,constant,all,attritional,0.0,informed,30,0,0.0,30.0,1.13201187,0.4116406800000001,0.4455455170730736,3.21599419625,4.734155694999998,2.75,-0.0233625913863126,-0.0053619062199852,0.0998706089259308,3.6591187918525887,5.032951302710373,4.357142857,0.1135376365666679,0.0141333157638076,0.1110326178664105,6.929892283749999,9.3823070125,8.033333328433331,0.6335062734500032,0.0715826297221231,0.1349498220116906,8.009389461249999,11.001207781249995,8.850000005716662,1.2231375954152288,0.1209240189342693,0.150326620706332,9.855564409019168,12.57944787699269,10.114926763061774,B,A,A,A,B
Rucervus_eldii,30,exact,constant,all,attritional,0.0,naive,30,0,0.0,30.0,1.072787299166667,0.3901044724242425,0.4427992726746672,2.955348585,4.609784096249999,2.75,-0.0410795686093449,-0.0094280977139292,0.128975162473898,3.45389767858922,5.0087532333115,4.357142857,0.2462466749000013,0.0306531130767885,0.1386294881533443,6.401528612499999,9.6914247725,8.033333328433331,0.8166999459500031,0.092282479708752,0.1630670312564409,7.595219962499999,11.22752614125,8.850000005716662,1.3964433587063747,0.1380576836014256,0.1705430307134871,9.708420238127166,12.687237930602365,10.114926763061774,B,A,A,A,B
Rupicapra_rupicapra,30,exact,constant,all,attritional,0.0,informed,30,0,0.0,30.0,2.2332358755026696,0.8672958931941384,0.99390825456774,2.9017131550000004,6.540373311249997,2.57494113949733,-0.3286858318645048,-0.0417612948622047,0.1552195625445622,5.5627088418250885,9.128791515625888,7.870585262,0.942778815699409,0.0503546508522641,0.134003672790295,15.39890978125,22.49225943625,18.72277534930059,4.516494031041522,0.2297895113548755,0.2505100600400013,20.49031713375,26.30518715625,19.65491812229181,5.219365483353032,0.2277264400568699,0.2318232916873131,26.2996985097228,29.131346821948533,22.919453191511728,D,A,A,B,B
Rupicapra_rupicapra,30,exact,constant,all,attritional,0.0,naive,30,0,0.0,30.0,1.9390380730026693,0.7530417077344149,0.8472144068798505,3.193582215,6.444118621249996,2.57494113949733,-0.586503819972935,-0.0745184507186061,0.1431309126238477,5.962906678883956,9.135901293764524,7.870585262,0.5207589248660758,0.0278141950191977,0.1112160575033661,16.464309474999997,22.78335224875,18.72277534930059,4.21091126520819,0.2142421168589018,0.2307818337465156,21.391928605,26.527582065,19.65491812229181,5.085541425355961,0.2218875547711323,0.224903519539256,26.74612075282284,29.230808693431165,22.919453191511728,C,A,A,B,B
Suricata_suricatta,5,exact,constant,all,attritional,0.0,informed,40,0,0.0,5.0,0.9525918177356568,1.477960638966611,1.7409117483881185,0.76048928875,2.5733515375,0.6445312497643433,-0.0087471301553223,-0.0046877187189963,0.3593758070223967,0.9360912222005832,2.98788772460106,1.8659673670000003,1.1962275502861115,0.5200989345477095,0.8682604223421448,1.794088,7.031785464999998,2.300000001588889,0.947236573583503,0.2910096995078713,0.7130114124591594,2.1256020325,8.924629678749996,3.255000005791497,-1.349947269050707,-0.1985268861558217,0.4777608423669732,2.475234449453342,11.764315863362414,6.79982089675827,B,A,B,B,B
Suricata_suricatta,5,exact,constant,all,attritional,0.0,naive,40,0,0.0,5.0,0.9028834002356568,1.4008372760293213,1.6408600596816818,0.70255842625,2.5879276900000003,0.6445312497643433,-0.0286723322069912,-0.0153659344284723,0.3202621317063139,0.9568042519823988,2.828020438345228,1.8659673670000003,1.2941493952861112,0.5626736497356892,0.811044944834206,2.028801430000001,6.05051140375,2.300000001588889,1.1056120767085031,0.3396657679696866,0.6488281547230293,2.3565779875,7.9014958974999985,3.255000005791497,-1.0558998373683317,-0.1552834778150875,0.404954699443086,2.9413445219498864,11.009645684232265,6.79982089675827,B,A,B,B,B
Suricata_suricatta,10,exact,constant,all,attritional,0.0,informed,40,0,0.0,10.0,0.8580337002356568,1.3312522869129702,1.49154247012024,0.93988808875,2.20838710375,0.6445312497643433,-0.0263404276622761,-0.0141162316812778,0.2654743121466801,1.104889767560135,2.5146245228988486,1.8659673670000003,1.4135617215361114,0.6145920524172143,0.8417808925351844,2.1293395075,6.431360106249999,2.300000001588889,1.317153161708503,0.4046553484992143,0.7038184447495254,2.51822378125,8.574054523749998,3.255000005791497,-0.6936237139404728,-0.1020061740554298,0.4192758357955588,3.2301730755385907,11.390563493972872,6.79982089675827,B,A,B,B,B
Suricata_suricatta,10,exact,constant,all,attritional,0.0,naive,40,0,0.0,10.0,0.9152170677356568,1.4199731480363176,1.5540436891055005,0.90101834875,2.3543355025,0.6445312497643433,-0.001276633491412,-0.0006841671049502,0.245282532533419,1.256213563782708,2.684010742836961,1.8659673670000003,1.3869322121611112,0.6030140048708648,0.7857075662032146,2.03309952625,5.795241861249999,2.300000001588889,1.2361433910835031,0.3797675541886576,0.6228403870100624,2.46440414125,7.9398050162499985,3.255000005791497,-0.8302886389085792,-0.1221044865026384,0.3747266546071548,2.9418017133327665,10.990362707094436,6.79982089675827,B,A,B,B,A
Suricata_suricatta,20,exact,constant,all,attritional,0.0,informed,40,0,0.0,20.0,0.8354219764856567,1.2961698549001432,1.3985576321162834,0.9587623375,2.0536556387500005,0.6445312497643433,-0.0286858547685845,-0.0153731813727825,0.2102082431205544,1.2375140324343747,2.447634003787806,1.8659673670000003,1.5010186365361111,0.6526167980431199,0.7661828834190654,2.6267974300000003,5.48521831,2.300000001588889,1.439088283583503,0.4421162153680456,0.5839323962082323,3.1795699825000003,7.05346282,3.255000005791497,-0.3700657023029232,-0.0544228602372964,0.2805734964683046,4.0586033665724335,9.680702138650078,6.79982089675827,B,A,C,B,A
Suricata_suricatta,20,exact,constant,all,attritional,0.0,naive,40,0,0.0,20.0,0.8846632096106568,1.3725683742008037,1.4302825203905327,1.10956945375,1.93181395375,0.6445312497643433,0.0115981948709454,0.0062156472165922,0.1967308076977071,1.386659580879778,2.619159089689149,1.8659673670000003,1.5453077152861112,0.6718729192254695,0.8154157020280843,2.71444121875,6.295316016249998,2.300000001588889,1.4715108792085032,0.4520770742212903,0.6440486354613731,3.1347202825000005,8.2274037175,3.255000005791497,-0.4335347059103817,-0.0637567830818991,0.3306105159846689,3.919615630166728,11.324486546672825,6.79982089675827,B,A,C,B,A
Suricata_suricatta,20,exact,constant,all,catastrophic,-0.05,informed,40,0,0.0,20.0,0.9845472289856566,1.5275399437120107,1.952767080923248,0.35758948375,2.94018470875,0.6445312497643433,0.0847899897836597,0.0454402318514178,0.3402267636909731,0.8379357625757192,3.046490806963943,1.8659673670000003,1.4184204390361113,0.6167045382853201,0.7235598617341237,2.2272613525,5.01635207125,2.300000001588889,1.311640386083503,0.4029617154377117,0.5189770124668892,3.0491321050000004,6.279057999999999,3.255000005791497,-0.4983605081345104,-0.0732902403903164,0.2673154499717235,3.311048444297916,9.408693612222663,6.79982089675827,B,A,B,B,A
Suricata_suricatta,20,exact,constant,all,catastrophic,-0.05,naive,40,0,0.0,20.0,0.6400454708606567,0.9930402460620388,1.0942140515670562,0.9004577275000001,1.7275609449999998,0.6445312497643433,-0.1034127185446719,-0.0554204325185671,0.2250921014053212,1.2372611823058883,2.295578682613928,1.8659673670000003,1.649770141536111,0.7172913653897457,0.8488725030477157,2.59932698875,5.494375123749998,2.300000001588889,1.8062017654585036,0.5549006950060822,0.7062779381637295,3.2733806050000003,7.241270938749998,3.255000005791497,0.4490223539423026,0.0660344383712177,0.3111694416602573,4.659914338995006,10.468290887468545,6.79982089675827,B,A,C,C,A
Suricata_suricatta,20,exact,constant,all,catastrophic,0.0,informed,40,0,0.0,20.0,1.3263393177356568,2.0578355482695363,2.4249043222068845,0.7756260625000001,3.7721466437500006,0.6445312497643433,0.4306741762654353,0.2308047739108372,0.4352498942667158,1.383947519681505,3.838680924631993,1.8659673670000003,1.9920294146611115,0.8660997449065109,0.972142275069638,3.0018530462500004,5.95408454875,2.300000001588889,1.927669702958503,0.5922180336493622,0.7107868529959095,3.506599045,7.14820781125,3.255000005791497,0.0954397184738483,0.0140356223969587,0.2939060219085527,3.9722990148619335,10.030857401230454,6.79982089675827,B,B,D,C,A
Suricata_suricatta,20,exact,constant,all,catastrophic,0.0,naive,40,0,0.0,20.0,0.5533360508606566,0.8585092671037599,0.9448061147732164,0.7700198500000001,1.61898729625,0.6445312497643433,-0.2469016368927108,-0.1323183037705882,0.241982017569168,1.0483407035175647,2.194057410133913,1.8659673670000003,1.2819091646611114,0.5573518103371919,0.71991119675199,2.2629542387500003,5.294233337499997,2.300000001588889,1.314910676708503,0.4039664130165692,0.6069769750540011,2.8028325025000003,7.019078049999996,3.255000005791497,-0.2857394536419645,-0.0420216146837319,0.3267865115526096,3.746836138354288,10.19488318890103,6.79982089675827,B,A,B,B,A
Suricata_suricatta,20,exact,constant,all,catastrophic,0.05,informed,40,0,0.0,20.0,1.3000835558606567,2.017099335891006,2.4237946289881536,0.447849505,3.0293234875,0.6445312497643433,0.3282562319380307,0.1759174558694362,0.410208201935986,1.0026622969430166,3.164668329848551,1.8659673670000003,1.5702553609111112,0.6827197216636284,0.7659415334500277,2.6196962275000004,5.18192221375,2.300000001588889,1.352939484833503,0.4156496105764269,0.4941669363902178,3.4989372212500003,6.0566782375,3.255000005791497,-0.7082035398423441,-0.104150322573933,0.2360392032350996,3.9721830257317343,8.415367473019307,6.79982089675827,B,B,C,B,A
Suricata_suricatta,20,exact,constant,all,catastrophic,0.05,naive,40,0,0.0,20.0,0.5262393571106567,0.8164683361792976,0.8990685328090502,0.794687185,1.60029992125,0.6445312497643433,-0.2881816953024367,-0.1544409084526271,0.2343667517573647,1.130557789327102,2.0819020034402502,1.8659673670000003,1.1796892234111114,0.5129083576505031,0.6326443150949598,2.0915910100000006,4.831160185,2.300000001588889,1.1826040617085032,0.3633192195405041,0.5154672741311022,2.6011957262500003,6.3848285425,3.255000005791497,-0.4036143627221779,-0.0593566167183309,0.289258723159501,3.3023520086747697,9.50651417445586,6.79982089675827,B,A,B,B,A
Suricata_suricatta,20,exact,constant,grouped,attritional,0.0,informed,40,0,0.0,20.0,1.0941486833606566,1.6975882608650934,1.7800824026001014,1.041360535,2.2541711725,0.6445312497643433,0.0679532802899505,0.0364171857941985,0.1931356442386781,1.42882344599702,2.5885484552178486,1.8659673670000003,1.183146387786111,0.5144114725951168,0.6529866060558476,2.4500148625000007,4.967764896249999,2.300000001588889,0.8372613717085031,0.2572231552131477,0.4746679482982318,2.7357448262500004,6.567030448749999,3.255000005791497,-1.613677530309366,-0.2373117696495016,0.3787723121913279,3.214930219596785,8.525999041434812,6.79982089675827,B,A,B,B,A
Suricata_suricatta,20,exact,constant,grouped,attritional,0.0,naive,40,0,0.0,20.0,0.9927696739856569,1.5402971917166748,1.6701006153084594,0.8918615350000001,2.2463224750000004,0.6445312497643433,0.0761508524830973,0.0408103881288816,0.1749689404914628,1.4305067274733207,2.314153567516547,1.8659673670000003,1.4483202390361112,0.6297044513198177,0.7497331676620923,2.5565329,5.049615598749997,2.300000001588889,1.3104257067085032,0.402588542051279,0.6005288742656871,2.8256311000000003,6.739888667499997,3.255000005791497,-0.7393434559401134,-0.1087298426187351,0.3664832508716714,3.271634248407535,10.31793290714885,6.79982089675827,B,A,B,B,A
Suricata_suricatta,20,exact,constant,max_only,attritional,0.0,informed,40,0,0.0,20.0,5.016815569610657,7.783665371453952,8.42951733143798,3.4589462387500003,9.543181791249998,0.6445312497643433,3.789923257483926,2.031076922624405,2.318083843616604,3.4559279427610665,9.536553953768951,1.8659673670000003,3.381902930286111,1.4703925773694873,1.7283437901968708,3.4772598662500003,9.56953099,2.300000001588889,2.431574769833503,0.7470275777287543,0.9851310643610672,3.48099734125,9.577005939999998,3.255000005791497,-1.1091409419237874,-0.163113258240751,0.3481687733006202,3.48384356181174,9.583765511936615,6.79982089675827,D,D,D,C,A
Suricata_suricatta,20,exact,constant,max_only,attritional,0.0,naive,40,0,0.0,20.0,5.398411767110657,8.37571765385224,9.327329785599916,3.1431296012500005,10.887177801249996,0.6445312497643433,4.171318472976712,2.235472359671074,2.646901388125899,3.1376620291508868,10.879632877572298,1.8659673670000003,3.7635925646611113,1.6363445922004964,2.001498231782072,3.1580795012500005,10.917264474999996,2.300000001588889,2.8132644042085024,0.8642901380039845,1.1878027751341371,3.1616301025,10.924739424999997,3.255000005791497,-0.7267204661595257,-0.106873471697759,0.4046092158459149,3.164476465494274,10.933204332482948,6.79982089675827,D,D,D,D,B
Suricata_suricatta,20,exact,constant,mixed,attritional,0.0,informed,40,0,0.0,20.0,0.8697133096106567,1.3493733778286867,1.4507400324513895,1.01949630625,2.0332864,0.6445312497643433,0.0140924340326074,0.0075523475285982,0.1849290602970938,1.408325634913735,2.3978945574567097,1.8659673670000003,1.5867002509111112,0.6898696738326022,0.7630398105470535,2.8271260900000006,5.30451139375,2.300000001588889,1.5485028642085032,0.4757305257921079,0.5680191909533718,3.2986085612500005,6.626456301249999,3.255000005791497,-0.1910242552917641,-0.0280925421701669,0.2390350273952257,4.235082880958301,8.855199158268663,6.79982089675827,B,A,C,C,A
Suricata_suricatta,20,exact,constant,mixed,attritional,0.0,naive,40,0,0.0,20.0,0.8601827483606567,1.334586567641462,1.4125724369915449,0.97688909125,1.91761154875,0.6445312497643433,-0.0064563341139806,-0.0034600466375576,0.1874050741222272,1.3349781102590492,2.423392258157776,1.8659673670000003,1.5397015027861112,0.6694354355315012,0.7621661594980146,2.8065699775,5.13483002875,2.300000001588889,1.4759024123335032,0.4534262395414705,0.5709842364985619,3.2849667775,6.48686161,3.255000005791497,-0.3358133646869711,-0.0493856190899183,0.2561342012786906,4.30286965815769,9.130133218067382,6.79982089675827,B,A,C,B,A
Suricata_suricatta,20,exact,juv_moderate,all,attritional,0.0,informed,40,0,0.0,20.0,0.9888453252356568,1.5342085051689942,1.6869934293364257,0.94642867,2.2197864025,0.6445312497643433,0.0248421602788736,0.0133132876374003,0.2016689381088867,1.358924387517262,2.318595370015522,1.8659673670000003,1.2993818602861114,0.5649486345167264,0.6263591215029882,2.8773951287500004,4.461337033749999,2.300000001588889,1.064406414833503,0.3270065784760815,0.4099566149097725,3.2745018475000003,5.532871116249999,3.255000005791497,-1.0931821354717175,-0.1607663131234645,0.2553315667543401,3.6488614321800914,7.713656458021316,6.79982089675827,B,A,B,B,A
Suricata_suricatta,20,exact,juv_moderate,all,attritional,0.0,naive,40,0,0.0,20.0,1.699806507110657,2.637275551390485,2.6735460460412703,1.9663855975,2.81423180125,0.6445312497643433,0.7328440603967072,0.3927421633181793,0.4582654479092536,2.0486462666329595,3.3131841184425075,1.8659673670000003,2.407262887161111,1.046636037173097,1.1969111999586866,3.1571451325000006,6.539186259999997,2.300000001588889,2.2416176029585038,0.6886690012196863,0.8741942596075178,3.4800629725000003,7.849918742499995,3.255000005791497,0.0614155509659245,0.0090319365610355,0.3531337911051962,3.974301277517751,10.37945338347439,6.79982089675827,D,B,D,C,A
Suricata_suricatta,20,exact,juv_severe,all,attritional,0.0,informed,40,0,0.0,20.0,0.6563969239856566,1.0184097733440418,1.1927388147600977,0.70573528,1.95423880375,0.6445312497643433,-0.1872442314260948,-0.1003470021703197,0.189457083555882,1.2515503880953445,2.1532069565337597,1.8659673670000003,1.2465900259111111,0.5419956630651914,0.5885930758332716,2.8996331050000004,4.363228315,2.300000001588889,1.216521647333503,0.3737393687155124,0.4369917589554401,3.4789417300000003,5.46129847,3.255000005791497,-0.4297902776272099,-0.0632061173599597,0.2091643217439659,4.332735135531209,7.997346895509477,6.79982089675827,B,A,B,B,A
Suricata_suricatta,20,exact,juv_severe,all,attritional,0.0,naive,40,0,0.0,20.0,1.8794856177356567,2.9160504140378665,2.964912375358469,2.0312307887500003,3.03250034125,0.6445312497643433,0.89983159420735,0.4822332963164569,0.5290932483098421,2.1411397404216856,3.467561668366744,1.8659673670000003,2.628241096536111,1.142713519443681,1.2321650863069034,3.4497894250000005,6.983758911249999,2.300000001588889,2.4695101410835028,0.7586820696435017,0.8727542577174326,3.816061975,8.44623287875,3.255000005791497,0.3153501877017759,0.0463762490938717,0.2980687101945594,4.350442174092213,10.951702308204805,6.79982089675827,D,B,D,C,A
Suricata_suricatta,20,exact,monotone_logistic,all,attritional,0.0,informed,40,0,0.0,20.0,0.7805745308606568,1.2110732119599388,1.392445487977799,0.77431794625,2.16503239375,0.6445312497643433,-0.0560087497756816,-0.0300159320930297,0.1892378091629338,1.2476955285771796,2.4451032622123736,1.8659673670000003,1.4638307602861111,0.6364481562064634,0.695145200616337,2.87627388625,4.82237711875,2.300000001588889,1.457121600458503,0.4476564048743171,0.5296230347577159,3.2918811062500004,6.231218319999999,3.255000005791497,-0.1773868057089345,-0.026086982054704,0.2413616688147984,4.000098544201732,9.201814835898404,6.79982089675827,B,A,B,B,A
Suricata_suricatta,20,exact,monotone_logistic,all,attritional,0.0,naive,40,0,0.0,20.0,1.9930114208606569,3.092187417738631,3.1622222406952294,1.98245674,3.367378101249999,0.6445312497643433,0.9868071270810947,0.5288447936083839,0.5853699181442776,2.273096126326018,3.620619324125925,1.8659673670000003,2.675893902786111,1.1634321308424116,1.251630058786676,3.50603842375,6.984693279999999,2.300000001588889,2.4811897504585034,0.7622702752822786,0.8680192190048678,3.85773482125,8.325886183749999,3.255000005791497,0.2691038288820281,0.0395751348407308,0.2800930750344965,4.432353002988115,10.641691710862109,6.79982089675827,D,B,D,C,A
Suricata_suricatta,20,exact,nonmonotone,all,attritional,0.0,informed,40,0,0.0,20.0,0.9008277889856566,1.397647964028155,1.5163093464863713,0.91802386,2.181103536249999,0.6445312497643433,-0.0517121053618931,-0.0277132956751719,0.162300993339636,1.2728369372335109,2.297556246736808,1.8659673670000003,1.221829254036111,0.5312301100834981,0.5722516934815152,2.9153305000000005,4.3337022625,2.300000001588889,0.9967581173335032,0.3062236914162855,0.3722819297844813,3.307765375,5.508577528749999,3.255000005791497,-1.1329440801063289,-0.1666138119382594,0.2469417892585707,4.070540755599654,8.021692243110113,6.79982089675827,B,A,B,B,A
Suricata_suricatta,20,exact,nonmonotone,all,attritional,0.0,naive,40,0,0.0,20.0,1.6586942821106567,2.5734893113671635,2.6397154741819624,1.74830393125,2.98410004,0.6445312497643433,0.6608592077670103,0.3541643972206778,0.4111258418465619,1.9099004801475532,3.157369869032361,1.8659673670000003,2.2040376840361118,0.9582772532667456,1.030983595912375,3.12817970125,5.9355840475,2.300000001588889,1.9827974592085031,0.6091543642643893,0.7022227433608671,3.4256827112500003,7.16502644875,3.255000005791497,-0.2345721453875615,-0.0344968123350705,0.250291278951687,3.9052290986586393,9.247383792600155,6.79982089675827,D,B,D,C,A
Suricata_suricatta,20,interval2,constant,all,attritional,0.0,informed,40,0,0.0,20.0,0.8547634096106567,1.3261783814565695,1.4680618934538423,0.8987758637500001,2.0781361,0.6445312497643433,0.0056896657912396,0.0030491775428994,0.1595738830597894,1.4118167936679495,2.2709749445808773,1.8659673670000003,1.503728305911111,0.6537949151618712,0.7991134900491922,2.3434968250000003,5.420373118749999,2.300000001588889,1.493748855458503,0.4589090177575216,0.6984460811255278,2.6434291937500003,7.533728357499997,3.255000005791497,-0.3887358729313648,-0.0571685458828319,0.4090187794426317,3.155597385578764,11.360722108818711,6.79982089675827,B,A,C,B,B
Suricata_suricatta,20,interval2,constant,all,attritional,0.0,naive,40,0,0.0,20.0,1.071163212110657,1.6619259539429634,1.707546270462002,1.40090563,2.15157748375,0.6445312497643433,0.0640011520987442,0.0342991808059546,0.1912584339846947,1.5078616862428715,2.5182173930029634,1.8659673670000003,1.2958312590361114,0.5634048948438798,0.6831523495123734,2.6406260875000003,5.216306983749999,2.300000001588889,0.985171944833503,0.3026641914226188,0.4712615489110132,3.0351165737500003,6.412298983749998,3.255000005791497,-1.381561779959001,-0.2031762013934284,0.327505952680971,3.722366620418584,8.697316184825262,6.79982089675827,B,A,B,B,A
Suricata_suricatta,20,noisy,constant,all,attritional,0.0,informed,40,0,0.0,20.0,0.9388565971106568,1.4566502360497278,1.5627328765812247,0.98436404125,2.171572975,0.6445312497643433,0.0681510174539028,0.0365231561168576,0.2364796350306101,1.3804652808527818,2.7983309087373067,1.8659673670000003,1.6488357727861114,0.7168851181074176,0.8427958974151983,2.8618846075000004,6.21944527375,2.300000001588889,1.586811982958503,0.4874998402872962,0.6394184507064163,3.2980479400000005,7.856459323749999,3.255000005791497,-0.2553418523294778,-0.0375512614532551,0.2905642393412421,4.0415346060687725,10.72304699018198,6.79982089675827,B,A,C,C,A
Suricata_suricatta,20,noisy,constant,all,attritional,0.0,naive,40,0,0.0,20.0,0.8994262358606567,1.3954734331182692,1.471987213937698,1.1127463075,2.0723430137500003,0.6445312497643433,0.0020760332281849,0.0011125774570874,0.1801295601764996,1.3227893652478948,2.360109965021538,1.8659673670000003,1.4701844677861111,0.6392106377262942,0.7285930435349537,2.52270875125,5.180240349999999,2.300000001588889,1.351444494833503,0.4151903202546634,0.5358442578831712,2.9534527450000003,6.7697884675,3.255000005791497,-0.5757642944448496,-0.0846734499609156,0.2698927680845023,3.7415877968048776,9.74452109124035,6.79982089675827,B,A,B,B,A
Suricata_suricatta,20,rounded,constant,all,attritional,0.0,informed,40,0,0.0,20.0,0.8919512858606566,1.3838759349322107,1.4577599582092862,1.1179787725,1.9602187637499997,0.6445312497643433,-0.0822533280273826,-0.0440807966323789,0.2181244177605553,1.2974733966062182,2.6024436972007665,1.8659673670000003,1.1384835615361113,0.494992852499836,0.6795403950146225,2.4526310950000005,5.947917714999999,2.300000001588889,0.8682824142085034,0.2667534293897393,0.5246081798701369,2.80264562875,7.7796542125,3.255000005791497,-1.4339964042725275,-0.2108873786596596,0.3802462968326449,3.39295732327734,10.905348928735544,6.79982089675827,B,A,B,B,A
Suricata_suricatta,20,rounded,constant,all,attritional,0.0,naive,40,0,0.0,20.0,0.9263360558606568,1.4372244265880798,1.5021519728738693,1.23851234125,2.0605699675,0.6445312497643433,-0.0263210537719304,-0.0141058489218104,0.1919987893847901,1.399349433124682,2.448642372746977,1.8659673670000003,1.3032127721611115,0.5666142483742714,0.676873486716476,2.6185749850000004,5.13707251375,2.300000001588889,1.079449751708503,0.3316281873388262,0.4777946112527541,2.9525183762500005,6.295689763749999,3.255000005791497,-1.0839472777695096,-0.1594082100436304,0.291997560042414,3.519541133927402,8.520660227027888,6.79982089675827,B,A,B,B,A
Suricata_suricatta,30,exact,constant,all,attritional,0.0,informed,70,0,0.0,30.0,0.8876131452356567,1.377145244020659,1.4269997183573004,1.06247726875,1.872574975,0.6445312497643433,-0.0199758539915303,-0.010705360846501,0.1414402842820805,1.4574284176113277,2.350398562684308,1.8659673670000003,1.4153103259111113,0.6153523151884284,0.6808412343270721,2.7845188750000003,4.943658182499999,2.300000001588889,1.2758273667085032,0.3919592517476106,0.4868236663085634,3.26665315,6.2801792425,3.255000005791497,-0.6908828328485955,-0.1016030926899803,0.2490335763427794,4.1954841409634005,9.260228225999674,6.79982089675827,B,A,B,B,A
Suricata_suricatta,30,exact,constant,all,attritional,0.0,naive,70,0,0.0,30.0,0.8577133452356569,1.3307552512764245,1.3996828661723422,1.09237706875,2.041695718749999,0.6445312497643433,-0.0592677567045454,-0.0317624829633718,0.1633425112787806,1.3462591799871046,2.343368966243702,1.8659673670000003,1.335648715911111,0.5807168326036594,0.6469732160620311,2.71518871375,4.67923182625,2.300000001588889,1.171711991708503,0.3599729614819418,0.4484552616394289,3.2218034500000003,5.957822023749999,3.255000005791497,-0.8370110375637905,-0.1230931005789909,0.23459400021964,4.331693889329763,8.286142409527393,6.79982089675827,B,A,B,B,A
Suricata_suricatta,50,exact,constant,all,attritional,0.0,informed,40,0,0.0,50.0,0.8275732789856566,1.2839924818047816,1.3197340056885605,1.1433936025,1.7942748737499998,0.6445312497643433,-0.0675425095070419,-0.0361970475483893,0.1315574852904153,1.453023928019191,2.1367448961480715,1.8659673670000003,1.3781491459111113,0.5991952804169811,0.6544789123998648,2.82581797375,4.47759505,2.300000001588889,1.253242339208503,0.385020687243827,0.462880095621045,3.29954293,5.675829535,3.255000005791497,-0.6688001939592921,-0.098355560258673,0.2211677922519509,4.080988280942416,8.209606032206246,6.79982089675827,B,A,B,B,A
Suricata_suricatta,50,exact,constant,all,attritional,0.0,naive,40,0,0.0,50.0,0.8770948227356566,1.3608259072874194,1.3997699507168495,1.17572276125,1.79950733875,0.6445312497643433,0.0185104601408994,0.0099200342236742,0.1130729654180167,1.5968499345056708,2.2752391433624246,1.8659673670000003,1.6002485977861114,0.6957602594263589,0.7309456415729187,3.1784487400000003,4.86330247,2.300000001588889,1.552987834208503,0.4771083967573982,0.5275531936482507,3.86072480125,6.03257152375,3.255000005791497,-0.2037777585041817,-0.0299681067484189,0.1846101984469881,4.949726036030128,8.608995582541539,6.79982089675827,B,A,C,C,A
Suricata_suricatta,50,exact,constant,all,catastrophic,-0.05,informed,40,0,0.0,50.0,0.8770948227356568,1.3608259072874194,1.580787894983311,0.6956440975,2.3190163637500003,0.6445312497643433,0.0770121241686254,0.0412719565897024,0.2405598890102388,1.2927282073551174,2.564877166598156,1.8659673670000003,1.7931023077861112,0.7796096984988689,0.8336739338992135,3.1218259937500004,5.14342622125,2.300000001588889,1.8716075779585029,0.5749946465832328,0.6190345964318184,3.9319237,6.30054848125,3.255000005791497,0.4351525145688158,0.0639947023863921,0.1641037928469491,5.888637595711389,8.728664960749548,6.79982089675827,B,A,C,C,A
Suricata_suricatta,50,exact,constant,all,catastrophic,-0.05,naive,40,0,0.0,50.0,0.6509775852356567,1.0100015871591492,1.0551690211712257,1.0230469075,1.6808425075,0.6445312497643433,-0.1100813540941075,-0.0589942546911151,0.1457631293260646,1.4137448677867428,2.116602998536138,1.8659673670000003,1.601089529661111,0.6961258819804541,0.745074680809419,3.0794056525000006,4.966643653749999,2.300000001588889,1.720613587958503,0.5286063240851248,0.5881357366781823,3.7259888275,6.4311732325,3.255000005791497,0.3727867219795364,0.0548230207294515,0.2026955045096691,4.963213672312761,9.446848829850971,6.79982089675827,B,A,C,C,A
Suricata_suricatta,50,exact,constant,all,catastrophic,0.0,informed,40,0,0.0,50.0,0.8893350533606569,1.3798168105670905,1.594894292638927,0.76347926875,2.41133199625,0.6445312497643433,0.0614462313588567,0.0329299603227502,0.2250139789203156,1.3828845883229266,2.6099270983175087,1.8659673670000003,1.6877055127861111,0.7337850050522645,0.7838025767866238,2.8575865112500005,4.737536436249999,2.300000001588889,1.712297706083503,0.5260515216703157,0.5777376707073738,3.63311257375,6.139276434999999,3.255000005791497,0.1484340475962409,0.0218291113618896,0.1893077558789428,4.838251363635977,8.656052501980692,6.79982089675827,B,A,C,C,A
Suricata_suricatta,50,exact,constant,all,catastrophic,0.0,naive,40,0,0.0,50.0,0.5857586464856567,0.9088134154857886,0.9286401918207708,1.03612807,1.42351735375,0.6445312497643433,-0.2265450797422779,-0.1214089183705846,0.1577052286804665,1.351833252516007,1.9150789770250627,1.8659673670000003,1.3005031027861116,0.5654361312555201,0.6121228262784392,2.85609152125,4.4465740075,2.300000001588889,1.3104257067085032,0.4025885420512788,0.4698172880417094,3.5340694862500004,5.788514406249999,3.255000005791497,-0.2681344178969265,-0.0394325706467881,0.1992400237658934,4.828110405671036,8.54680300056288,6.79982089675827,B,A,B,B,A
Suricata_suricatta,50,exact,constant,all,catastrophic,0.05,informed,40,0,0.0,50.0,1.1498370608606567,1.7839896223512297,2.0030827203540693,0.863456725,2.8850569525,0.6445312497643433,0.2154147170724405,0.1154439894727486,0.2760098562171929,1.401684217215964,2.844251313330611,1.8659673670000003,1.6379036584111113,0.7121320249041794,0.7587543134823501,3.0683801012500003,4.855080025,2.300000001588889,1.4743139854585032,0.4529382435745968,0.5064852092328193,3.741686222500001,5.982676232499999,3.255000005791497,-0.5281377585201126,-0.0776693631404167,0.1980422406212733,4.637066987453096,8.233515143148237,6.79982089675827,B,A,C,B,A
Suricata_suricatta,50,exact,constant,all,catastrophic,0.05,naive,40,0,0.0,50.0,0.4877433646106567,0.7567412205210964,0.7912173804748183,0.88195722625,1.3437222625,0.6445312497643433,-0.384392549698663,-0.2060017535658558,0.2232312413213985,1.2124380374177377,1.7226778667453826,1.8659673670000003,0.9124597609111114,0.3967216349046803,0.4268590801384651,2.6174537425000004,3.84876488125,2.300000001588889,0.7891413810835032,0.2424397479813868,0.2859845481633969,3.3092603650000005,4.93823884375,3.255000005791497,-1.0502884592515958,-0.1544582534155139,0.1964027848546622,4.619221288467566,7.288216331433512,6.79982089675827,B,A,B,B,A
Suricata_suricatta,50,exact,constant,grouped,attritional,0.0,informed,40,0,0.0,50.0,0.9217576489856564,1.430120958949119,1.4646361240851378,1.23813859375,1.8389377,0.6445312497643433,0.0248751410155032,0.0133309625106124,0.0947579156770116,1.6078820910451483,2.130652868111879,1.8659673670000003,1.4994302096611114,0.6519261776631622,0.7001198821871711,2.9446696787500004,4.59476489125,2.300000001588889,1.386576759833503,0.4259836428161044,0.5082593414783241,3.4075559575000005,6.234395173749999,3.255000005791497,-0.5363533326947441,-0.0788775676357069,0.2449532695858989,4.170262182867828,9.335027912857104,6.79982089675827,B,A,B,B,A
Suricata_suricatta,50,exact,constant,grouped,attritional,0.0,naive,40,0,0.0,50.0,0.8547634096106567,1.3261783814565695,1.3939793785990413,1.02697125625,1.8258565375,0.6445312497643433,-0.0375460269501721,-0.020121481015253,0.1118609333093099,1.454514719430289,2.179839338385191,1.8659673670000003,1.3940334146611115,0.606101484216558,0.648289089281489,2.635019875,4.469372604999999,2.300000001588889,1.281086527958503,0.3935749694866712,0.4643112301726851,2.8667433250000003,5.74927091875,3.255000005791497,-0.6015506453402898,-0.0884656602686508,0.2327324438006464,3.234236885446503,8.510708351981267,6.79982089675827,B,A,B,B,A
Suricata_suricatta,50,exact,constant,max_only,attritional,0.0,informed,40,0,0.0,50.0,6.936195855860656,10.761612968179127,11.342500979182198,3.87361909,10.560896233749997,0.6445312497643433,5.708375774151564,3.0592045043795038,3.2999236656816686,3.8686637530609698,10.551999082279435,1.8659673670000003,5.307543487161111,2.3076276015193686,2.517435468409283,3.892306465,10.590982907499995,2.300000001588889,4.358430006083503,1.3389953911916177,1.5162309059957428,3.89604394,10.598457857499996,3.255000005791497,0.8196970606792368,0.1205468604430474,0.3613876084337356,3.9012017453172607,10.6065053209551,6.79982089675827,D,D,D,D,B
Suricata_suricatta,50,exact,constant,max_only,attritional,0.0,naive,40,0,0.0,50.0,7.308448365860656,11.33916837784484,11.999477085020782,4.118236828750001,12.600623215,0.6445312497643433,6.080447014762462,3.258603082935084,3.5292781140456584,4.112570807548116,12.592621361509623,1.8659673670000003,5.680450055286111,2.469760891896494,2.70459132857127,4.1369242037500005,12.637997965,2.300000001588889,4.731616884833503,1.4536457377618182,1.64928577342585,4.14066167875,12.645472915,3.255000005791497,1.1932766344641383,0.1754864800972946,0.4124014971023743,4.145858457212648,12.654942911729249,6.79982089675827,D,D,D,D,B
Suricata_suricatta,50,exact,constant,mixed,attritional,0.0,informed,40,0,0.0,50.0,0.8478490808606567,1.3154506956344654,1.3380363314636952,1.2708415000000002,1.772410645,0.6445312497643433,-0.0088460549795049,-0.0047407340213709,0.1085882791129342,1.521071019779145,2.1892648595470647,1.8659673670000003,1.5678260021611112,0.6816634787295757,0.7211696075077972,3.0085805012500004,4.5579507625,2.300000001588889,1.520471801708503,0.4671188322590432,0.5221313391969733,3.65478992875,5.723295467499998,3.255000005791497,-0.2362154039908321,-0.034738474377089,0.1862446812377913,4.662967829443191,8.264813461531148,6.79982089675827,B,A,C,C,A
Suricata_suricatta,50,exact,constant,mixed,attritional,0.0,naive,40,0,0.0,50.0,0.8366366558606568,1.2980544483553775,1.3239506350103143,1.24449230125,1.76269321,0.6445312497643433,0.0040989331472284,0.002196679974001,0.1124291885117315,1.5713962911169654,2.171216225284929,1.8659673670000003,1.6444442396611116,0.7149757558804757,0.7527722260951267,3.0790319050000003,4.809856577499999,2.300000001588889,1.6423134867085032,0.5045509934827642,0.555417150197887,3.6377844175,6.213652187499999,3.255000005791497,-0.0152458580946562,-0.0022420970090439,0.1794097077548457,4.70470226786604,8.984404697613925,6.79982089675827,B,A,C,C,A
Suricata_suricatta,50,exact,juv_moderate,all,attritional,0.0,informed,40,0,0.0,50.0,0.8234620564856566,1.2776138578024496,1.3304374275726811,1.11741815125,1.89275734,0.6445312497643433,-0.0341952076039992,-0.0183257264884414,0.0950513436000492,1.5379903935556138,2.0905591585753536,1.8659673670000003,1.5063445384111114,0.6549324075523899,0.6737360307964215,3.23880896125,4.343793444999999,2.300000001588889,1.4555331735835029,0.4471684089074434,0.4778727042012305,3.750656162500001,5.5222193125,3.255000005791497,-0.2843627408190577,-0.0418191515830401,0.1600804568464694,4.849713127745332,8.222959703661216,6.79982089675827,B,A,C,B,A
Suricata_suricatta,50,exact,juv_moderate,all,attritional,0.0,naive,40,0,0.0,50.0,1.6645808052356572,2.582622341188684,2.595995353143244,2.03496826375,2.57166967375,0.6445312497643433,0.6608918632586056,0.3541818977901801,0.3701899212525772,2.2195279736932587,2.861730296934984,1.8659673670000003,2.225995349661111,0.9678240644014549,0.9979642779168804,3.71216017,5.52277993375,2.300000001588889,1.9984014173335027,0.6139482069977953,0.6564858526079455,4.159909675,6.64234057,3.255000005791497,-0.2410898721469303,-0.0354553268104262,0.1743337165211065,4.966511547269199,8.744377716036281,6.79982089675827,D,B,D,C,A
Suricata_suricatta,50,exact,juv_severe,all,attritional,0.0,informed,40,0,0.0,50.0,0.6185549896106567,0.9596974387771204,1.050573860828572,0.8372944,1.6541195612499997,0.6445312497643433,-0.2021736914299635,-0.1083479245164974,0.153169701260861,1.342559844412492,1.9272455655296197,1.8659673670000003,1.3006899765361113,0.5655173807119857,0.5876116609065349,3.1201441300000003,4.29688813375,2.300000001588889,1.302296698583503,0.4000911509266901,0.4320882743259072,3.826526905,5.71862362375,3.255000005791497,-0.2658620873379302,-0.0390983955863715,0.1584068811482925,4.806008307084004,8.432339535077148,6.79982089675827,B,A,B,B,A
Suricata_suricatta,50,exact,juv_severe,all,attritional,0.0,naive,40,0,0.0,50.0,1.905741379610657,2.956786626416397,2.975602060620506,2.1895128550000003,2.8801982350000004,0.6445312497643433,1.0132956130177089,0.5430403719475704,0.5662496056886959,2.393448869823352,3.284332910028741,1.8659673670000003,3.113739099036111,1.3537996073413363,1.395420099897155,4.0862814175,6.467613613749998,2.300000001588889,3.1352478754585027,0.9632097910537868,1.0129569191757952,4.65755447125,7.777411727499998,3.255000005791497,1.3540244647320088,0.1991264895487942,0.2937047067859096,5.641844758356792,10.133948096354873,6.79982089675827,D,B,D,D,B
Suricata_suricatta,50,exact,monotone_logistic,all,attritional,0.0,informed,40,0,0.0,50.0,0.7049840989856567,1.093793511553422,1.1655006553847085,0.99258648625,1.78455743875,0.6445312497643433,-0.1538610858119473,-0.0824564719260427,0.142249051074176,1.4054568329356238,2.0615881065555444,1.8659673670000003,1.315453002786111,0.5719360877727689,0.5934837381290122,3.0196060525000004,4.159349053749999,2.300000001588889,1.247075505458503,0.3831261146665528,0.4094682173764615,3.726362575000001,5.21369075125,3.255000005791497,-0.5065850759937213,-0.0744997675211165,0.1405841421173819,4.887379988062066,7.41366864640697,6.79982089675827,B,A,B,B,A
Suricata_suricatta,50,exact,monotone_logistic,all,attritional,0.0,naive,40,0,0.0,50.0,1.940406460235657,3.0105700242542435,3.0404803469562376,2.267252335,2.994564969999999,0.6445312497643433,0.9563422535713004,0.5125182093129822,0.5486988270702043,2.4305703197844686,3.4496146120136117,1.8659673670000003,2.7421406471611114,1.1922350631594705,1.2568488520282293,3.99789013375,6.798753898749999,2.300000001588889,2.587988098583503,0.795080827643255,0.8728674551940876,4.421532924999999,8.1541492075,3.255000005791497,0.4489759329137754,0.0660276115695663,0.2460694127036652,5.122709020518912,10.54430635854675,6.79982089675827,D,B,D,C,A
Suricata_suricatta,50,exact,nonmonotone,all,attritional,0.0,informed,40,0,0.0,50.0,0.8123430683606567,1.2603625792506874,1.3053521503610876,1.09798328125,1.80698228875,0.6445312497643433,-0.1275522478358281,-0.0683571696330893,0.1199889255495145,1.4534618267683124,2.041572545348618,1.8659673670000003,1.1746436321611111,0.5107146223259316,0.5315387368583743,3.02296978,4.01059754875,2.300000001588889,0.9603177360835032,0.2950284898233016,0.3270840830890059,3.5880760000000005,4.970568002499999,3.255000005791497,-1.1478334453714805,-0.1688034821503454,0.2050348492360775,4.591793520549879,7.086028725671646,6.79982089675827,B,A,B,B,A
Suricata_suricatta,50,exact,nonmonotone,all,attritional,0.0,naive,40,0,0.0,50.0,1.675326045860657,2.5992937448311437,2.6251307457172026,1.978719265,2.739856048750001,0.6445312497643433,0.7628650842366598,0.4088308818943346,0.4276764370253761,2.275233182207191,3.0401201109851232,1.8659673670000003,2.657954022786112,1.155632183021713,1.178378372291816,4.07525586625,5.75226089875,2.300000001588889,2.6096654535835038,0.8017405373088249,0.8308923496605171,4.6498926475,6.9602128187500005,3.255000005791497,0.7339522491108232,0.1079369972024889,0.1950127716789971,5.620763499217816,9.141357624745488,6.79982089675827,D,B,D,D,B
Suricata_suricatta,50,interval2,constant,all,attritional,0.0,informed,40,0,0.0,50.0,0.8736376583606568,1.3554620643763673,1.4228583237700485,1.06509350125,1.99049231125,0.6445312497643433,0.0156843271216042,0.0084054669974323,0.1273963777071376,1.4825226155032076,2.247053318379697,1.8659673670000003,1.5483911321611117,0.673213535257152,0.7467784142374675,2.5458810962500005,4.99056349375,2.300000001588889,1.507670949833503,0.4631861588789437,0.5796327525536112,2.7891907187500005,6.589642172499999,3.255000005791497,-0.2539032843170059,-0.0373397017615642,0.2881361945953712,3.181994823103507,9.666807448899382,6.79982089675827,B,A,C,C,A
Suricata_suricatta,50,interval2,constant,all,attritional,0.0,naive,40,0,0.0,50.0,1.059763913360657,1.6442397692092243,1.6613898202697717,1.48219571125,1.9604056375,0.6445312497643433,0.0984060633463891,0.0527372906336518,0.1112476150700781,1.6978582712189976,2.300219208701709,1.8659673670000003,1.4902733959111114,0.6479449542963472,0.676367153815308,3.1001486387500004,4.455170199999999,2.300000001588889,1.266043191083503,0.3889533606239265,0.4294647710709011,3.5877022525000006,5.334037446249999,3.255000005791497,-0.9078715829838824,-0.1335140434973366,0.1892640311560172,4.516352381522912,7.176593135382991,6.79982089675827,B,A,B,B,A
Suricata_suricatta,50,noisy,constant,all,attritional,0.0,informed,40,0,0.0,50.0,0.8082318458606567,1.2539839552483552,1.2845841115510035,1.1732934025,1.7505464162499995,0.6445312497643433,-0.0775885292682463,-0.0415808607590972,0.123254954201609,1.4777604591030953,2.244207585393911,1.8659673670000003,1.3853437852861112,0.602323384490907,0.6510345132867063,2.93495224375,4.7949066775,2.300000001588889,1.276414684208503,0.3921396872311604,0.461934579003238,3.4652999462500005,5.924745369999999,3.255000005791497,-0.6063604331695134,-0.0891730006386768,0.2110725009133571,4.365614368983042,8.512004890089061,6.79982089675827,B,A,B,B,A
Suricata_suricatta,50,noisy,constant,all,attritional,0.0,naive,40,0,0.0,50.0,0.8879335002356565,1.3776422796572043,1.402304869014963,1.2480429025,1.7899767774999995,0.6445312497643433,0.0193147190422871,0.0103510486752725,0.1237259849626119,1.511098227136898,2.234423529366037,1.8659673670000003,1.5850183871611112,0.6891384287244117,0.7403184562287839,2.7983475325,4.8068665975,2.300000001588889,1.5193505592085033,0.4667743645177206,0.5370519293424799,3.3457007462500004,6.025470321249999,3.255000005791497,-0.2839773347305123,-0.0417624727242293,0.2098422066991478,4.37004520703256,8.630769726893188,6.79982089675827,B,A,C,C,A
Suricata_suricatta,50,rounded,constant,all,attritional,0.0,informed,40,0,0.0,50.0,0.9116664664856566,1.41446433639794,1.4358440304528168,1.32466114,1.80660854125,0.6445312497643433,-0.0193636913492934,-0.0103772936717673,0.1072497364132824,1.5927493218174116,2.204916532706173,1.8659673670000003,1.366749847161111,0.5942390635725788,0.6464931554279465,2.95438711375,4.829478321249999,2.300000001588889,1.183351556708503,0.3635488647013858,0.4468018774485915,3.435400146250001,6.28522483375,3.255000005791497,-0.8862821438641513,-0.1303390423542883,0.2448641749383969,4.279521728216032,9.019375335581907,6.79982089675827,B,A,B,B,A
Suricata_suricatta,50,rounded,constant,all,attritional,0.0,naive,40,0,0.0,50.0,0.9706251346106568,1.5059396033404766,1.5277128779585352,1.36745522875,1.9813354975,0.6445312497643433,0.0065692450557149,0.0035205573108583,0.1071425193369028,1.6042132116266976,2.316599977450478,1.8659673670000003,1.3373172315361113,0.5814422741792453,0.6172921868929075,3.08575936,4.557203267499999,2.300000001588889,1.096174952333503,0.3367664978135548,0.3879106835946221,3.5413575625,5.469147167499998,3.255000005791497,-1.1038816797813482,-0.1623398169660042,0.2140580463175725,4.442760649775708,7.195277010844983,6.79982089675827,B,A,B,B,A
Suricata_suricatta,100,exact,constant,all,attritional,0.0,informed,40,0,0.0,100.0,0.8455131589856567,1.311826477451322,1.3246712285218802,1.326903625,1.66084701625,0.6445312497643433,-0.0162023261460708,-0.0086830704719772,0.068238512134911,1.6700161640172604,2.0702740905236707,1.8659673670000003,1.5483911321611117,0.6732135352571522,0.6889454594169193,3.45969373375,4.45872080125,2.300000001588889,1.4894507592085031,0.4575885580824517,0.4810599158242397,4.0795539625,5.56389215875,3.255000005791497,-0.2856625988697324,-0.0420103122136523,0.1293196095495541,5.217901806363348,7.77008861751831,6.79982089675827,B,A,C,B,A
Suricata_suricatta,100,exact,constant,all,attritional,0.0,naive,40,0,0.0,100.0,0.8755063958606566,1.358361438922882,1.3747181017629957,1.30765562875,1.7146666562499997,0.6445312497643433,0.0014875734747273,0.0007972130172452,0.0831831379532533,1.6293560165922103,2.1270649159720376,1.8659673670000003,1.5530629759111112,0.6752447716687924,0.6931263256811812,3.29038611625,4.471241342499999,2.300000001588889,1.473566490458503,0.4527085984137151,0.4765016999382359,3.9584597725,5.557725325,3.255000005791497,-0.3549031228409559,-0.0521930104085758,0.1247798138951181,5.2284570917911495,7.9658979323284305,6.79982089675827,B,A,C,B,A
Tamiasciurus_hudsonicus,30,exact,constant,all,attritional,0.0,informed,30,0,0.0,30.0,0.9053187663515628,1.7041294388601926,1.7726453342531503,0.99849826125,1.80851542375,0.5312500011484372,-0.056160616914229,-0.031813528646685,0.1393502266239023,1.3186663197912545,2.097329105111153,1.7653061230000002,0.8472052665305566,0.315728670740714,0.3590198795375199,2.8964683775000006,4.40215156625,2.683333333469444,1.0011126414444482,0.3144856462581202,0.3451242994340017,3.562019302500001,4.98432894125,3.183333336055552,1.282138645919633,0.3478283648962589,0.3576390447502144,4.498659801195088,5.436171721717758,3.686124466306924,B,A,B,B,B
Tamiasciurus_hudsonicus,30,exact,constant,all,attritional,0.0,naive,30,0,0.0,30.0,0.9480117738515628,1.78449274692176,1.8437204546133383,1.1513737275,1.88283288125,0.5312500011484372,-0.0152538930323636,-0.0086409336225724,0.1229592608790703,1.4703904922034925,2.108523920521266,1.7653061230000002,0.9086812806972236,0.3386389865780612,0.3677741979268841,3.0254817587500007,4.14081861125,2.683333333469444,1.0652719422777817,0.3346404004293667,0.3579960579192192,3.58077835125,4.775104455,3.183333336055552,1.324220138469295,0.3592445536154163,0.3683312403243565,4.45237404112497,5.337303766551104,3.686124466306924,B,A,B,B,B
Theropithecus_gelada,30,exact,constant,all,attritional,0.0,informed,30,0,0.0,30.0,-1.5570953489732953,-0.1530188284973709,0.2231860574770869,6.1333169875,11.1086603475,10.175841523973297,-0.3035285446386969,-0.0283255376076237,0.1203108569596256,8.519486535682914,12.312531745360989,10.715720521999998,3.088268642603608,0.1569015159640677,0.1770672408555365,19.71198282375,24.95792027875,19.682847699896392,3.501109151943393,0.1564907967374543,0.1653299664422469,23.406489217500003,27.31926488125,22.372620147223277,4.612588596040349,0.1951747403157374,0.1965685677408753,27.07418872066918,28.87330941606577,23.63312275235252,A,A,B,B,B
Theropithecus_gelada,30,exact,constant,all,attritional,0.0,naive,30,0,0.0,30.0,-1.8080053431399616,-0.1776762480901925,0.263443170031845,5.82198427875,11.90736142625,10.175841523973297,-0.5154076977442219,-0.0480982773567171,0.1498391386424575,8.302862355143898,12.879030801456082,10.715720521999998,2.797741280936941,0.1421410826113169,0.1688456378651701,20.019578045,25.42585371375,19.682847699896392,3.3291847269433936,0.1488062062036389,0.158617464421645,23.92338373875,27.58238400125,22.372620147223277,4.5471021810861885,0.1924037812833496,0.1937650527050166,27.36713169614034,28.979469693014817,23.63312275235252,A,A,B,B,B
Trichosurus_vulpecula,30,exact,constant,all,attritional,0.0,informed,30,0,0.0,30.0,0.6096814534548607,0.127237868594585,0.2339574948844891,3.80551261375,6.751593064999999,4.791666664878472,-0.0813306250059159,-0.0130789295480575,0.1213705062479721,4.694856798360074,7.176869532483918,6.218446601999999,1.702681537561222,0.1574474340746825,0.1846455971845416,10.430822712499996,13.695681183749995,10.814285717438777,2.073761159391666,0.1733551649513759,0.1871791084378699,12.369653169999998,14.840585322499996,11.962499992274996,2.6406623605669908,0.2097405092597536,0.2127117766057881,14.400691179377697,15.598604079309968,12.590139929986805,B,A,B,B,B
Trichosurus_vulpecula,30,exact,constant,all,attritional,0.0,naive,30,0,0.0,30.0,0.7180874467881939,0.1498617280812889,0.2127764498112294,4.380077794999999,6.480913496249999,4.791666664878472,-0.0101517994506174,-0.0016325298101542,0.0925655352939093,5.233368873798172,6.953823428278581,6.218446601999999,1.6797391800612214,0.1553259479128175,0.1732204316838795,11.215894086249998,13.563259506249995,10.814285717438777,2.058063756891665,0.1720429473956696,0.1803195607955683,13.072615053749995,14.776588219999995,11.962499992274996,2.643077419539344,0.2099323307157329,0.2114522408975383,14.793009647744418,15.57394576248251,12.590139929986805,B,A,B,B,B
Urocitellus_armatus,30,exact,constant,all,attritional,0.0,informed,30,0,0.0,30.0,0.7756733044293058,1.5513466088586116,1.5822325684106675,0.7446247974999999,1.21405186,0.2096395505706939,-0.0087554309012552,-0.0071019850730606,0.1612174653128043,0.8580669697370519,1.4797071114756994,1.232814602,0.5145735001175139,0.252110114477404,0.3469947404603731,1.6316398,3.108111445,2.041066464882486,0.4148777650652776,0.1517031015780562,0.2803505469940018,1.93099501,3.9512833075,2.7348008099347223,0.0366088610522958,0.0087188144528655,0.2155637540848644,2.484046707697253,5.357475495384599,4.198834744127839,B,A,B,A,A
Urocitellus_armatus,30,exact,constant,all,attritional,0.0,naive,30,0,0.0,30.0,0.762496404429306,1.524992808858612,1.5659491107459786,0.6564893049999999,1.2802657825,0.2096395505706939,-0.0133616589584187,-0.0108383360618394,0.169788228398736,0.8670390334489833,1.5237600283689126,1.232814602,0.5288884051175138,0.2591235583050768,0.3453209695374397,1.87205833,3.1897782774999994,2.041066464882486,0.4436872600652776,0.1622375049961566,0.2721802493393094,2.3284582300000003,4.0235166775,2.7348008099347223,0.0952669568511834,0.0226889036260396,0.1863070078244772,3.200789630855998,5.40949840542285,4.198834744127839,B,A,B,A,A
Urocitellus_beldingi,30,exact,constant,all,attritional,0.0,informed,30,0,0.0,30.0,0.959766655,1.91953331,1.9692686629780052,0.7036063825,1.3769255275,0.0,0.0839448021241661,0.0648485279617254,0.2263205005907865,1.0179616460380343,1.880185154930906,1.29447506,1.1264605001923067,0.5488750563155916,0.6438748909636531,2.2601178475,4.474423592499999,2.0523076923076933,0.9895021855039838,0.3145213101444432,0.435341342159794,2.8067943437500005,5.682344338749998,3.1460576869960164,0.6266650054125198,0.1156974876408567,0.2765729354425388,3.888083190488105,8.091672882328009,5.416409795844374,B,A,B,B,B
Urocitellus_beldingi,30,exact,constant,all,attritional,0.0,naive,30,0,0.0,30.0,0.92277531,1.84555062,1.879524243143744,0.6693941800000001,1.18099598125,0.0,0.0611024493628724,0.0472024925400049,0.2051788355247615,0.9620618393341096,1.7360288700603066,1.29447506,1.1160147576923067,0.5437853017241373,0.6373188476236425,2.13678142,4.094639395,2.0523076923076933,1.0048353855039838,0.3193950923587296,0.4396543298870301,2.7066014650000003,5.409940457499999,3.1460576869960164,0.6945031012918425,0.1282220377462365,0.2838403979548555,3.9016007450759096,7.884579357107519,5.416409795844374,B,A,B,B,B
Urocitellus_brunneus,30,exact,constant,all,attritional,0.0,informed,30,0,0.0,30.0,0.6304464816666665,1.260892963333333,1.2810776846761387,0.4457201562499999,0.7904864087499999,0.0,-0.036694963279293,-0.0417325444124568,0.1951902269778657,0.6222503123340288,1.133172344464929,0.8792889050000001,0.989501484434302,1.1595650508817017,1.2855493047544262,1.1930970325,2.62379648125,0.8533384855656977,0.4483421412684952,0.2362801493314164,0.4315797509855917,1.4104446699999995,3.4851371187499995,1.8975023612315047,-0.5168450972442407,-0.1324855402114486,0.3244469145428834,1.780003023605739,5.300157994384449,3.9011434487065455,B,A,B,B,A
Urocitellus_brunneus,30,exact,constant,all,attritional,0.0,naive,30,0,0.0,30.0,0.6055300858333332,1.2110601716666665,1.222773587488405,0.5171343799999999,0.7290770762499998,0.0,-0.0578773494258737,-0.0658229042772622,0.1857072747227358,0.6005361585482395,1.146451635027764,0.8792889050000001,0.965505078600969,1.1314444325816535,1.2461062768152948,1.1269727512499998,2.7594950062499994,0.8533384855656977,0.4276423662684953,0.2253711905744082,0.4093445155154691,1.3896298962499998,3.64475538375,1.8975023612315047,-0.5268934584858269,-0.1350612879053505,0.3114588894365863,1.824136209006704,5.465545267672173,3.9011434487065455,B,A,B,B,A
Vulpes_vulpes,30,exact,constant,all,attritional,0.0,informed,30,0,0.0,30.0,0.7337946833333333,1.4675893666666666,1.5092468286944472,0.5003463749999999,1.0680397612499994,0.0,-0.02177832661134,-0.0202801140987104,0.2117359474963471,0.7201474231597401,1.4554544437149828,1.0738759410000005,1.3802249324582294,1.3548118005418024,1.4781711633921686,1.4584044325,3.44886750875,1.0187576842084372,0.9851235495290102,0.4584488819801732,0.6191000240427584,1.7689021825,4.747955594999998,2.148818741304323,-1.5875506098266805,-0.2516110283956059,0.3572896374260627,2.460072241616918,7.582640377318607,6.309543027385063,B,A,B,B,A
Vulpes_vulpes,30,exact,constant,all,attritional,0.0,naive,30,0,0.0,30.0,0.7450646016666664,1.4901292033333329,1.5117692110740026,0.5096613074999999,0.9284882725,0.0,-0.0035011546904222,-0.0032602971691142,0.2198348765909395,0.6548431762912638,1.3402366149957416,1.0738759410000005,1.4309395649582295,1.4045926594114997,1.5517359462496036,1.31540296875,3.35606318125,1.0187576842084372,1.0477980953623434,0.4876158585280835,0.6700010065613021,1.5860535074999995,4.649458808749998,2.148818741304323,-1.5036028299937831,-0.2383061377769759,0.3637671654193607,2.1048009497347078,7.288341644991625,6.309543027385063,B,A,B,B,A
